<profile version="1.0" is_locked="true">
  <option name="myName" value="Default" />
  <inspection_tool class="AlphaUnsortedPropertiesFile" enabled="false" level="WEAK WARNING" enabled_by_default="false" />
  <inspection_tool class="AmdModulesDependencies" enabled="true" level="WEAK WARNING" enabled_by_default="true" />
  <inspection_tool class="AngularAmbiguousComponentTag" enabled="true" level="ERROR" enabled_by_default="true" />
  <inspection_tool class="AngularCliAddDependency" enabled="true" level="WARNING" enabled_by_default="true" />
  <inspection_tool class="AngularInaccessibleComponentMemberInAotMode" enabled="true" level="WARNING" enabled_by_default="true" />
  <inspection_tool class="AngularIncorrectTemplateDefinition" enabled="true" level="ERROR" enabled_by_default="true" />
  <inspection_tool class="AngularInsecureBindingToEvent" enabled="true" level="WARNING" enabled_by_default="true" />
  <inspection_tool class="AngularInvalidAnimationTriggerAssignment" enabled="true" level="ERROR" enabled_by_default="true" />
  <inspection_tool class="AngularInvalidEntryComponent" enabled="true" level="ERROR" enabled_by_default="true" />
  <inspection_tool class="AngularInvalidExpressionResultType" enabled="true" level="WARNING" enabled_by_default="true" />
  <inspection_tool class="AngularInvalidI18nAttribute" enabled="true" level="WARNING" enabled_by_default="true" />
  <inspection_tool class="AngularInvalidImportedOrDeclaredSymbol" enabled="true" level="ERROR" enabled_by_default="true" />
  <inspection_tool class="AngularInvalidSelector" enabled="true" level="ERROR" enabled_by_default="true" />
  <inspection_tool class="AngularInvalidTemplateReferenceVariable" enabled="true" level="ERROR" enabled_by_default="true" />
  <inspection_tool class="AngularMissingEventHandler" enabled="true" level="ERROR" enabled_by_default="true" />
  <inspection_tool class="AngularMissingOrInvalidDeclarationInModule" enabled="true" level="ERROR" enabled_by_default="true" />
  <inspection_tool class="AngularMultipleStructuralDirectives" enabled="true" level="ERROR" enabled_by_default="true" />
  <inspection_tool class="AngularNonEmptyNgContent" enabled="true" level="ERROR" enabled_by_default="true" />
  <inspection_tool class="AngularRecursiveModuleImportExport" enabled="true" level="ERROR" enabled_by_default="true" />
  <inspection_tool class="AngularUndefinedBinding" enabled="true" level="ERROR" enabled_by_default="true" />
  <inspection_tool class="AngularUndefinedModuleExport" enabled="true" level="ERROR" enabled_by_default="true" />
  <inspection_tool class="AngularUndefinedTag" enabled="true" level="ERROR" enabled_by_default="true" />
  <inspection_tool class="Annotator" enabled="true" level="ERROR" enabled_by_default="true" />
  <inspection_tool class="AnonymousFunctionJS" enabled="false" level="WARNING" enabled_by_default="false" />
  <inspection_tool class="AppEngineDeprecatedRuntimeInspection" enabled="true" level="WARNING" enabled_by_default="true" />
  <inspection_tool class="AppEngineThreadsafeCGIHandlerInspection" enabled="true" level="WARNING" enabled_by_default="true" />
  <inspection_tool class="AppEngineThreadsafeInspection" enabled="true" level="WARNING" enabled_by_default="true" />
  <inspection_tool class="AssignmentResultUsedJS" enabled="false" level="WARNING" enabled_by_default="false" />
  <inspection_tool class="AssignmentToForLoopParameterJS" enabled="false" level="WARNING" enabled_by_default="false" />
  <inspection_tool class="AssignmentToFunctionParameterJS" enabled="false" level="WARNING" enabled_by_default="false" />
  <inspection_tool class="BadExpressionStatementJS" enabled="true" level="WEAK WARNING" enabled_by_default="true" />
  <inspection_tool class="BlockStatementJS" enabled="false" level="WARNING" enabled_by_default="false" />
  <inspection_tool class="BreakStatementJS" enabled="false" level="WARNING" enabled_by_default="false" />
  <inspection_tool class="BreakStatementWithLabelJS" enabled="false" level="WARNING" enabled_by_default="false" />
  <inspection_tool class="BuildoutUnresolvedPartInspection" enabled="true" level="WARNING" enabled_by_default="true" />
  <inspection_tool class="CallerJS" enabled="true" level="WARNING" enabled_by_default="true" />
  <inspection_tool class="ChainedEqualityJS" enabled="false" level="WARNING" enabled_by_default="false" />
  <inspection_tool class="ChainedFunctionCallJS" enabled="false" level="WARNING" enabled_by_default="false" />
  <inspection_tool class="CheckDtdRefs" enabled="true" level="ERROR" enabled_by_default="true" />
  <inspection_tool class="CheckEmptyScriptTag" enabled="false" level="WARNING" enabled_by_default="false" />
  <inspection_tool class="CheckImageSize" enabled="true" level="WARNING" enabled_by_default="true" />
  <inspection_tool class="CheckTagEmptyBody" enabled="true" level="WARNING" enabled_by_default="true" />
  <inspection_tool class="CheckValidXmlInScriptTagBody" enabled="true" level="ERROR" enabled_by_default="true" />
  <inspection_tool class="CheckXmlFileWithXercesValidator" enabled="true" level="ERROR" enabled_by_default="true" />
  <inspection_tool class="CoffeeScriptArgumentsOutsideFunction" enabled="true" level="WARNING" enabled_by_default="true" />
  <inspection_tool class="CoffeeScriptFunctionSignatures" enabled="true" level="WEAK WARNING" enabled_by_default="true" />
  <inspection_tool class="CoffeeScriptInfiniteLoop" enabled="true" level="WARNING" enabled_by_default="true" />
  <inspection_tool class="CoffeeScriptLiteralNotFunction" enabled="true" level="ERROR" enabled_by_default="true" />
  <inspection_tool class="CoffeeScriptModulesDependencies" enabled="true" level="WEAK WARNING" enabled_by_default="true" />
  <inspection_tool class="CoffeeScriptSillyAssignment" enabled="true" level="WARNING" enabled_by_default="true" />
  <inspection_tool class="CoffeeScriptSwitchStatementWithNoDefaultBranch" enabled="true" level="WARNING" enabled_by_default="true" />
  <inspection_tool class="CoffeeScriptUnusedLocalSymbols" enabled="true" level="WARNING" enabled_by_default="true" />
  <inspection_tool class="CommaExpressionJS" enabled="true" level="WARNING" enabled_by_default="true" />
  <inspection_tool class="CommandLineInspection" enabled="true" level="WARNING" enabled_by_default="true" />
  <inspection_tool class="ComposeMissingKeys" enabled="false" level="ERROR" enabled_by_default="false" />
  <inspection_tool class="ComposeUnknownKeys" enabled="true" level="ERROR" enabled_by_default="true" />
  <inspection_tool class="ComposeUnknownValues" enabled="true" level="ERROR" enabled_by_default="true" />
  <inspection_tool class="ComposeUnquotedPorts" enabled="false" level="WEAK WARNING" enabled_by_default="false" />
  <inspection_tool class="ConditionalExpressionJS" enabled="false" level="WARNING" enabled_by_default="false" />
  <inspection_tool class="ConditionalExpressionWithIdenticalBranchesJS" enabled="false" level="WARNING" enabled_by_default="false" />
  <inspection_tool class="ConfusingFloatingPointLiteralJS" enabled="false" level="WARNING" enabled_by_default="false" />
  <inspection_tool class="ConfusingPlusesOrMinusesJS" enabled="false" level="WARNING" enabled_by_default="false" />
  <inspection_tool class="ConstantConditionalExpressionJS" enabled="true" level="WARNING" enabled_by_default="true" />
  <inspection_tool class="ConstantOnLHSOfComparisonJS" enabled="false" level="WARNING" enabled_by_default="false" />
  <inspection_tool class="ConstantOnRHSOfComparisonJS" enabled="false" level="WARNING" enabled_by_default="false" />
  <inspection_tool class="ContinueOrBreakFromFinallyBlockJS" enabled="true" level="WARNING" enabled_by_default="true" />
  <inspection_tool class="ContinueStatementJS" enabled="false" level="WARNING" enabled_by_default="false" />
  <inspection_tool class="ContinueStatementWithLabelJS" enabled="false" level="WARNING" enabled_by_default="false" />
  <inspection_tool class="CssBrowserCompatibilityForProperties" enabled="false" level="WARNING" enabled_by_default="false" />
  <inspection_tool class="CssConvertColorToHexInspection" enabled="false" level="WARNING" enabled_by_default="false" />
  <inspection_tool class="CssConvertColorToRgbInspection" enabled="false" level="WARNING" enabled_by_default="false" />
  <inspection_tool class="CssFloatPxLength" enabled="true" level="WEAK WARNING" enabled_by_default="true" />
  <inspection_tool class="CssInvalidAtRule" enabled="true" level="ERROR" enabled_by_default="true" />
  <inspection_tool class="CssInvalidCharsetRule" enabled="true" level="WARNING" enabled_by_default="true" />
  <inspection_tool class="CssInvalidElement" enabled="true" level="ERROR" enabled_by_default="true" />
  <inspection_tool class="CssInvalidFunction" enabled="true" level="ERROR" enabled_by_default="true" />
  <inspection_tool class="CssInvalidHtmlTagReference" enabled="true" level="WARNING" enabled_by_default="true" />
  <inspection_tool class="CssInvalidImport" enabled="true" level="WARNING" enabled_by_default="true" />
  <inspection_tool class="CssInvalidMediaFeature" enabled="true" level="ERROR" enabled_by_default="true" />
  <inspection_tool class="CssInvalidPropertyValue" enabled="true" level="ERROR" enabled_by_default="true" />
  <inspection_tool class="CssInvalidPseudoSelector" enabled="true" level="ERROR" enabled_by_default="true" />
  <inspection_tool class="CssMissingComma" enabled="true" level="WARNING" enabled_by_default="true" />
  <inspection_tool class="CssMissingSemicolon" enabled="false" level="WARNING" enabled_by_default="false" />
  <inspection_tool class="CssNegativeValue" enabled="true" level="ERROR" enabled_by_default="true" />
  <inspection_tool class="CssNoGenericFontName" enabled="true" level="WARNING" enabled_by_default="true" />
  <inspection_tool class="CssNonIntegerLengthInPixels" enabled="false" level="WEAK WARNING" enabled_by_default="false" />
  <inspection_tool class="CssOverwrittenProperties" enabled="true" level="WARNING" enabled_by_default="true" />
  <inspection_tool class="CssRedundantUnit" enabled="true" level="WARNING" enabled_by_default="true" />
  <inspection_tool class="CssReplaceWithShorthandSafely" enabled="true" level="WEAK WARNING" enabled_by_default="true" />
  <inspection_tool class="CssReplaceWithShorthandUnsafely" enabled="true" level="INFORMATION" enabled_by_default="true" />
  <inspection_tool class="CssUnitlessNumber" enabled="true" level="WARNING" enabled_by_default="true" />
  <inspection_tool class="CssUnknownProperty" enabled="true" level="WARNING" enabled_by_default="true">
    <option name="myCustomPropertiesEnabled" value="false" />
    <option name="myIgnoreVendorSpecificProperties" value="false" />
    <option name="myCustomPropertiesList">
      <value>
        <list size="0" />
      </value>
    </option>
  </inspection_tool>
  <inspection_tool class="CssUnknownTarget" enabled="true" level="ERROR" enabled_by_default="true" />
  <inspection_tool class="CssUnresolvedClass" enabled="true" level="ERROR" enabled_by_default="true" />
  <inspection_tool class="CssUnresolvedClassInComposesRule" enabled="false" level="ERROR" enabled_by_default="false" />
  <inspection_tool class="CssUnresolvedCustomProperty" enabled="true" level="ERROR" enabled_by_default="true" />
  <inspection_tool class="CssUnusedSymbol" enabled="true" level="WARNING" enabled_by_default="true" />
  <inspection_tool class="CucumberExamplesColon" enabled="true" level="ERROR" enabled_by_default="true" />
  <inspection_tool class="CucumberMissedExamples" enabled="true" level="ERROR" enabled_by_default="true" />
  <inspection_tool class="CucumberTableInspection" enabled="true" level="WARNING" enabled_by_default="true" />
  <inspection_tool class="CucumberUndefinedStep" enabled="true" level="WARNING" enabled_by_default="true" />
  <inspection_tool class="CyclomaticComplexityJS" enabled="false" level="WARNING" enabled_by_default="false">
    <option name="m_limit" value="10" />
  </inspection_tool>
  <inspection_tool class="CythonUsageBeforeDeclarationInspection" enabled="true" level="WARNING" enabled_by_default="true" />
  <inspection_tool class="DebuggerStatementJS" enabled="false" level="WARNING" enabled_by_default="false" />
  <inspection_tool class="DefaultNotLastCaseInSwitchJS" enabled="false" level="WARNING" enabled_by_default="false" />
  <inspection_tool class="DivideByZeroJS" enabled="false" level="WARNING" enabled_by_default="false" />
  <inspection_tool class="DjangoBrokenLineCommentInspection" enabled="true" level="WARNING" enabled_by_default="true" />
  <inspection_tool class="DjangoCloseTagInspection" enabled="true" level="WARNING" enabled_by_default="true" />
  <inspection_tool class="DjangoIncompatibleInspection" enabled="true" level="WARNING" enabled_by_default="true" />
  <inspection_tool class="DjangoOrmInspection" enabled="true" level="WARNING" enabled_by_default="true" />
  <inspection_tool class="DjangoRelationInspection" enabled="true" level="WARNING" enabled_by_default="true" />
  <inspection_tool class="DjangoUnresolvedFilterInspection" enabled="true" level="WARNING" enabled_by_default="true" />
  <inspection_tool class="DjangoUnresolvedLoadInspection" enabled="true" level="WARNING" enabled_by_default="true" />
  <inspection_tool class="DjangoUnresolvedStaticReferenceInspection" enabled="true" level="WARNING" enabled_by_default="true" />
  <inspection_tool class="DjangoUnresolvedTagInspection" enabled="true" level="WARNING" enabled_by_default="true" />
  <inspection_tool class="DjangoUnresolvedTemplateReferenceInspection" enabled="true" level="WARNING" enabled_by_default="true" />
  <inspection_tool class="DjangoUnresolvedUrlInspection" enabled="false" level="WEAK WARNING" enabled_by_default="false" />
  <inspection_tool class="DjangoUrlArgumentsInspection" enabled="true" level="WARNING" enabled_by_default="true" />
  <inspection_tool class="DockerFileAddOrCopyPaths" enabled="false" level="WARNING" enabled_by_default="false" />
  <inspection_tool class="DockerFileAddOrCopySemantic" enabled="true" level="WARNING" enabled_by_default="true" />
  <inspection_tool class="DockerFileArgumentCount" enabled="true" level="ERROR" enabled_by_default="true" />
  <inspection_tool class="DockerFileAssignments" enabled="true" level="ERROR" enabled_by_default="true" />
  <inspection_tool class="DockerFileRunCommandMissingContinuation" enabled="false" level="ERROR" enabled_by_default="false" />
  <inspection_tool class="DockerJsonFormStringLiterals" enabled="false" level="WARNING" enabled_by_default="false" />
  <inspection_tool class="DocumentWriteJS" enabled="false" level="WARNING" enabled_by_default="false" />
  <inspection_tool class="DuplicateConditionJS" enabled="false" level="WARNING" enabled_by_default="false" />
  <inspection_tool class="DuplicateKeyInSection" enabled="true" level="WARNING" enabled_by_default="true" />
  <inspection_tool class="DuplicatePropertyInspection" enabled="false" level="WARNING" enabled_by_default="false" />
  <inspection_tool class="DuplicateSectionInFile" enabled="true" level="WARNING" enabled_by_default="true" />
  <inspection_tool class="DuplicatedBlockNamesInspection" enabled="true" level="WARNING" enabled_by_default="true" />
  <inspection_tool class="DuplicatedCode" enabled="false" level="WEAK WARNING" enabled_by_default="false" />
  <inspection_tool class="DuplicatedInspection" enabled="false" level="WARNING" enabled_by_default="false" />
  <inspection_tool class="DynamicallyGeneratedCodeJS" enabled="false" level="WARNING" enabled_by_default="false" />
  <inspection_tool class="ES6AwaitOutsideAsyncFunction" enabled="true" level="ERROR" enabled_by_default="true" />
  <inspection_tool class="ES6BindWithArrowFunction" enabled="true" level="WARNING" enabled_by_default="true" />
  <inspection_tool class="ES6CheckImport" enabled="true" level="WEAK WARNING" enabled_by_default="true" />
  <inspection_tool class="ES6ClassMemberInitializationOrder" enabled="true" level="WARNING" enabled_by_default="true" />
  <inspection_tool class="ES6ConvertIndexedForToForOf" enabled="false" level="INFORMATION" enabled_by_default="false" />
  <inspection_tool class="ES6ConvertLetToConst" enabled="true" level="INFORMATION" enabled_by_default="true" />
  <inspection_tool class="ES6ConvertModuleExportToExport" enabled="true" level="INFORMATION" enabled_by_default="true" />
  <inspection_tool class="ES6ConvertRequireIntoImport" enabled="true" level="INFORMATION" enabled_by_default="true" />
  <inspection_tool class="ES6ConvertToForOf" enabled="true" level="INFORMATION" enabled_by_default="true" />
  <inspection_tool class="ES6ConvertVarToLetConst" enabled="true" level="WEAK WARNING" enabled_by_default="true" />
  <inspection_tool class="ES6DestructuringVariablesMerge" enabled="true" level="WEAK WARNING" enabled_by_default="true" />
  <inspection_tool class="ES6MissingAwait" enabled="true" level="WEAK WARNING" enabled_by_default="true" />
  <inspection_tool class="ES6ModulesDependencies" enabled="false" level="WEAK WARNING" enabled_by_default="false" />
  <inspection_tool class="ES6PossiblyAsyncFunction" enabled="true" level="WEAK WARNING" enabled_by_default="true" />
  <inspection_tool class="ES6PreferShortImport" enabled="true" level="WARNING" enabled_by_default="true" />
  <inspection_tool class="ES6RedundantAwait" enabled="true" level="WEAK WARNING" enabled_by_default="true" />
  <inspection_tool class="ES6RedundantNestingInTemplateLiteral" enabled="true" level="WEAK WARNING" enabled_by_default="true" />
  <inspection_tool class="ES6ShorthandObjectProperty" enabled="true" level="INFORMATION" enabled_by_default="true" />
  <inspection_tool class="ES6TopLevelAwaitExpression" enabled="false" level="ERROR" enabled_by_default="false" />
  <inspection_tool class="ES6UnusedImports" enabled="true" level="WARNING" enabled_by_default="true" />
  <inspection_tool class="EditorConfigCharClassLetterRedundancy" enabled="true" level="WARNING" enabled_by_default="true" />
  <inspection_tool class="EditorConfigCharClassRedundancy" enabled="true" level="WARNING" enabled_by_default="true" />
  <inspection_tool class="EditorConfigDeprecatedDescriptor" enabled="true" level="WARNING" enabled_by_default="true" />
  <inspection_tool class="EditorConfigEmptyHeader" enabled="true" level="ERROR" enabled_by_default="true" />
  <inspection_tool class="EditorConfigEmptySection" enabled="true" level="WARNING" enabled_by_default="true" />
  <inspection_tool class="EditorConfigEncoding" enabled="false" level="WARNING" enabled_by_default="false" />
  <inspection_tool class="EditorConfigHeaderUniqueness" enabled="true" level="WARNING" enabled_by_default="true" />
  <inspection_tool class="EditorConfigKeyCorrectness" enabled="true" level="WARNING" enabled_by_default="true" />
  <inspection_tool class="EditorConfigListAcceptability" enabled="true" level="ERROR" enabled_by_default="true" />
  <inspection_tool class="EditorConfigMissingRequiredDeclaration" enabled="true" level="ERROR" enabled_by_default="true" />
  <inspection_tool class="EditorConfigNoMatchingFiles" enabled="true" level="WARNING" enabled_by_default="true" />
  <inspection_tool class="EditorConfigNumerousWildcards" enabled="true" level="WEAK WARNING" enabled_by_default="true" />
  <inspection_tool class="EditorConfigOptionRedundancy" enabled="true" level="WARNING" enabled_by_default="true" />
  <inspection_tool class="EditorConfigPairAcceptability" enabled="true" level="ERROR" enabled_by_default="true" />
  <inspection_tool class="EditorConfigPartialOverride" enabled="true" level="WEAK WARNING" enabled_by_default="true" />
  <inspection_tool class="EditorConfigPatternEnumerationRedundancy" enabled="true" level="ERROR" enabled_by_default="true" />
  <inspection_tool class="EditorConfigPatternRedundancy" enabled="true" level="WARNING" enabled_by_default="true" />
  <inspection_tool class="EditorConfigReferenceCorrectness" enabled="true" level="ERROR" enabled_by_default="true" />
  <inspection_tool class="EditorConfigRootDeclarationCorrectness" enabled="true" level="ERROR" enabled_by_default="true" />
  <inspection_tool class="EditorConfigRootDeclarationUniqueness" enabled="true" level="ERROR" enabled_by_default="true" />
  <inspection_tool class="EditorConfigShadowedOption" enabled="true" level="WARNING" enabled_by_default="true" />
  <inspection_tool class="EditorConfigShadowingOption" enabled="true" level="WARNING" enabled_by_default="true" />
  <inspection_tool class="EditorConfigSpaceInHeader" enabled="true" level="WEAK WARNING" enabled_by_default="true" />
  <inspection_tool class="EditorConfigUnexpectedComma" enabled="true" level="ERROR" enabled_by_default="true" />
  <inspection_tool class="EditorConfigUnusedDeclaration" enabled="true" level="WARNING" enabled_by_default="true" />
  <inspection_tool class="EditorConfigValueCorrectness" enabled="true" level="ERROR" enabled_by_default="true" />
  <inspection_tool class="EditorConfigValueUniqueness" enabled="true" level="ERROR" enabled_by_default="true" />
  <inspection_tool class="EditorConfigWildcardRedundancy" enabled="true" level="WARNING" enabled_by_default="true" />
  <inspection_tool class="EjsUnresolvedInclude" enabled="false" level="WARNING" enabled_by_default="false" />
  <inspection_tool class="EmptyCatchBlockJS" enabled="false" level="WARNING" enabled_by_default="false" />
  <inspection_tool class="EmptyDirectory" enabled="false" level="WARNING" enabled_by_default="false" />
  <inspection_tool class="EmptyFinallyBlockJS" enabled="false" level="WARNING" enabled_by_default="false" />
  <inspection_tool class="EmptyStatementBodyJS" enabled="true" level="WARNING" enabled_by_default="true">
    <option name="m_reportEmptyBlocks" value="false" />
  </inspection_tool>
  <inspection_tool class="EmptyTryBlockJS" enabled="false" level="WARNING" enabled_by_default="false" />
  <inspection_tool class="EndBlockNamesInspection" enabled="true" level="WARNING" enabled_by_default="true" />
  <inspection_tool class="Eslint" enabled="true" level="WARNING" enabled_by_default="true" />
  <inspection_tool class="ExceptionCaughtLocallyJS" enabled="true" level="WARNING" enabled_by_default="true" />
  <inspection_tool class="ExtendsTagPositionInspection" enabled="true" level="WARNING" enabled_by_default="true" />
  <inspection_tool class="FallThroughInSwitchStatementJS" enabled="true" level="WARNING" enabled_by_default="true" />
  <inspection_tool class="FlowJSConfig" enabled="true" level="WARNING" enabled_by_default="true" />
  <inspection_tool class="FlowJSCoverage" enabled="false" level="WEAK WARNING" enabled_by_default="false" />
  <inspection_tool class="FlowJSError" enabled="false" level="ERROR" enabled_by_default="false" />
  <inspection_tool class="FlowJSFlagCommentPlacement" enabled="true" level="WARNING" enabled_by_default="true" />
  <inspection_tool class="ForLoopReplaceableByWhileJS" enabled="false" level="WARNING" enabled_by_default="false">
    <option name="m_ignoreLoopsWithoutConditions" value="false" />
  </inspection_tool>
  <inspection_tool class="ForLoopThatDoesntUseLoopVariableJS" enabled="false" level="WARNING" enabled_by_default="false" />
  <inspection_tool class="FunctionNamingConventionJS" enabled="false" level="WARNING" enabled_by_default="false">
    <option name="m_regex" value="[a-z][A-Za-z]*" />
    <option name="m_minLength" value="4" />
    <option name="m_maxLength" value="32" />
  </inspection_tool>
  <inspection_tool class="FunctionWithInconsistentReturnsJS" enabled="false" level="WARNING" enabled_by_default="false" />
  <inspection_tool class="FunctionWithMultipleLoopsJS" enabled="false" level="WARNING" enabled_by_default="false" />
  <inspection_tool class="FunctionWithMultipleReturnPointsJS" enabled="false" level="WARNING" enabled_by_default="false" />
  <inspection_tool class="GherkinBrokenTableInspection" enabled="true" level="ERROR" enabled_by_default="true" />
  <inspection_tool class="GherkinMisplacedBackground" enabled="true" level="ERROR" enabled_by_default="true" />
  <inspection_tool class="GherkinScenarioToScenarioOutline" enabled="true" level="ERROR" enabled_by_default="true" />
  <inspection_tool class="GjsLint" enabled="false" level="WARNING" enabled_by_default="false" />
  <inspection_tool class="GrazieInspection" enabled="false" level="TYPO" enabled_by_default="false" />
  <inspection_tool class="HamlNestedTagContent" enabled="true" level="WARNING" enabled_by_default="true" />
  <inspection_tool class="HbEmptyBlock" enabled="false" level="WARNING" enabled_by_default="false" />
  <inspection_tool class="HtmlDeprecatedAttribute" enabled="true" level="WARNING" enabled_by_default="true" />
  <inspection_tool class="HtmlDeprecatedTag" enabled="true" level="WARNING" enabled_by_default="true" />
  <inspection_tool class="HtmlExtraClosingTag" enabled="true" level="WARNING" enabled_by_default="true" />
  <inspection_tool class="HtmlFormInputWithoutLabel" enabled="true" level="WARNING" enabled_by_default="true" />
  <inspection_tool class="HtmlMissingClosingTag" enabled="true" level="INFORMATION" enabled_by_default="true" />
  <inspection_tool class="HtmlNonExistentInternetResource" enabled="false" level="WARNING" enabled_by_default="false" />
  <inspection_tool class="HtmlPresentationalElement" enabled="false" level="INFORMATION" enabled_by_default="false" />
  <inspection_tool class="HtmlRequiredAltAttribute" enabled="true" level="WARNING" enabled_by_default="true" />
  <inspection_tool class="HtmlRequiredLangAttribute" enabled="true" level="WARNING" enabled_by_default="true" />
  <inspection_tool class="HtmlRequiredSummaryAttribute" enabled="false" level="INFORMATION" enabled_by_default="false" />
  <inspection_tool class="HtmlRequiredTitleAttribute" enabled="false" level="INFORMATION" enabled_by_default="false" />
  <inspection_tool class="HtmlRequiredTitleElement" enabled="true" level="WARNING" enabled_by_default="true" />
  <inspection_tool class="HtmlUnknownAnchorTarget" enabled="true" level="WARNING" enabled_by_default="true" />
  <inspection_tool class="HtmlUnknownAttribute" enabled="false" level="WARNING" enabled_by_default="false">
    <option name="myValues">
      <value>
        <list size="0" />
      </value>
    </option>
    <option name="myCustomValuesEnabled" value="true" />
  </inspection_tool>
  <inspection_tool class="HtmlUnknownBooleanAttribute" enabled="true" level="WARNING" enabled_by_default="true" />
  <inspection_tool class="HtmlUnknownTag" enabled="false" level="WARNING" enabled_by_default="false">
    <option name="myValues">
      <value>
        <list size="6">
          <item index="0" class="java.lang.String" itemvalue="nobr" />
          <item index="1" class="java.lang.String" itemvalue="noembed" />
          <item index="2" class="java.lang.String" itemvalue="comment" />
          <item index="3" class="java.lang.String" itemvalue="noscript" />
          <item index="4" class="java.lang.String" itemvalue="embed" />
          <item index="5" class="java.lang.String" itemvalue="script" />
        </list>
      </value>
    </option>
    <option name="myCustomValuesEnabled" value="true" />
  </inspection_tool>
  <inspection_tool class="HtmlUnknownTarget" enabled="true" level="WARNING" enabled_by_default="true" />
  <inspection_tool class="HtmlWrongAttributeValue" enabled="false" level="WARNING" enabled_by_default="false" />
  <inspection_tool class="HttpClientUnresolvedVariable" enabled="false" level="WARNING" enabled_by_default="false" />
  <inspection_tool class="HttpRequestContentLengthIsIgnored" enabled="false" level="WARNING" enabled_by_default="false" />
  <inspection_tool class="HttpRequestPlaceholder" enabled="false" level="WARNING" enabled_by_default="false" />
  <inspection_tool class="HttpRequestWhitespaceInsideRequestTargetPath" enabled="false" level="WEAK WARNING" enabled_by_default="false" />
  <inspection_tool class="HttpUrlsUsage" enabled="false" level="WEAK WARNING" enabled_by_default="false" />
  <inspection_tool class="IfStatementWithIdenticalBranchesJS" enabled="false" level="WARNING" enabled_by_default="false" />
  <inspection_tool class="IfStatementWithTooManyBranchesJS" enabled="false" level="WARNING" enabled_by_default="false">
    <option name="m_limit" value="3" />
  </inspection_tool>
  <inspection_tool class="IgnoreFileDuplicateEntry" enabled="true" level="WARNING" enabled_by_default="true" />
  <inspection_tool class="IncompatibleMaskJS" enabled="true" level="WARNING" enabled_by_default="true" />
  <inspection_tool class="InconsistentLineSeparators" enabled="false" level="WARNING" enabled_by_default="false" />
  <inspection_tool class="IncorrectFormatting" enabled="false" level="WEAK WARNING" enabled_by_default="false" />
  <inspection_tool class="IncorrectHttpHeaderInspection" enabled="false" level="WARNING" enabled_by_default="false" />
  <inspection_tool class="IncrementDecrementResultUsedJS" enabled="false" level="WARNING" enabled_by_default="false" />
  <inspection_tool class="InfiniteLoopJS" enabled="true" level="WARNING" enabled_by_default="true" />
  <inspection_tool class="InfiniteRecursionJS" enabled="true" level="WARNING" enabled_by_default="true" />
  <inspection_tool class="InjectedReferences" enabled="true" level="ERROR" enabled_by_default="true" />
  <inspection_tool class="InnerHTMLJS" enabled="false" level="WARNING" enabled_by_default="false" />
  <inspection_tool class="InstalledPackageInspection" enabled="false" level="WARNING" enabled_by_default="false" />
  <inspection_tool class="JSAccessibilityCheck" enabled="true" level="WARNING" enabled_by_default="true" />
  <inspection_tool class="JSAnnotator" enabled="true" level="ERROR" enabled_by_default="true" />
  <inspection_tool class="JSArrowFunctionBracesCanBeRemoved" enabled="true" level="INFORMATION" enabled_by_default="true" />
  <inspection_tool class="JSAssignmentUsedAsCondition" enabled="true" level="WARNING" enabled_by_default="true" />
  <inspection_tool class="JSBitwiseOperatorUsage" enabled="true" level="WARNING" enabled_by_default="true" />
  <inspection_tool class="JSCheckFunctionSignatures" enabled="true" level="WEAK WARNING" enabled_by_default="true" />
  <inspection_tool class="JSClassNamingConvention" enabled="false" level="WARNING" enabled_by_default="false" />
  <inspection_tool class="JSClosureCompilerSyntax" enabled="true" level="WARNING" enabled_by_default="true" />
  <inspection_tool class="JSCommentMatchesSignature" enabled="true" level="WARNING" enabled_by_default="true" />
  <inspection_tool class="JSComparisonWithNaN" enabled="true" level="WARNING" enabled_by_default="true" />
  <inspection_tool class="JSConsecutiveCommasInArrayLiteral" enabled="true" level="WARNING" enabled_by_default="true" />
  <inspection_tool class="JSConstantReassignment" enabled="true" level="ERROR" enabled_by_default="true" />
  <inspection_tool class="JSConstructorReturnsPrimitive" enabled="false" level="WARNING" enabled_by_default="false" />
  <inspection_tool class="JSDeclarationsAtScopeStart" enabled="false" level="WEAK WARNING" enabled_by_default="false" />
  <inspection_tool class="JSDeprecatedSymbols" enabled="true" level="WEAK WARNING" enabled_by_default="true" />
  <inspection_tool class="JSDuplicateCaseLabel" enabled="true" level="WARNING" enabled_by_default="true" />
  <inspection_tool class="JSDuplicatedDeclaration" enabled="true" level="WARNING" enabled_by_default="true" />
  <inspection_tool class="JSEqualityComparisonWithCoercion" enabled="true" level="WARNING" enabled_by_default="true" />
  <inspection_tool class="JSEqualityComparisonWithCoercion.TS" enabled="false" level="WARNING" enabled_by_default="false" />
  <inspection_tool class="JSFileReferences" enabled="true" level="WARNING" enabled_by_default="true" />
  <inspection_tool class="JSFunctionExpressionToArrowFunction" enabled="true" level="INFORMATION" enabled_by_default="true" />
  <inspection_tool class="JSHint" enabled="false" level="ERROR" enabled_by_default="false" />
  <inspection_tool class="JSIgnoredPromiseFromCall" enabled="true" level="WEAK WARNING" enabled_by_default="true" />
  <inspection_tool class="JSIncompatibleTypesComparison" enabled="true" level="WEAK WARNING" enabled_by_default="true" />
  <inspection_tool class="JSJQueryEfficiency" enabled="true" level="WARNING" enabled_by_default="true" />
  <inspection_tool class="JSJoinVariableDeclarationAndAssignment" enabled="true" level="INFORMATION" enabled_by_default="true" />
  <inspection_tool class="JSLastCommaInArrayLiteral" enabled="true" level="WARNING" enabled_by_default="true" />
  <inspection_tool class="JSLastCommaInObjectLiteral" enabled="true" level="WARNING" enabled_by_default="true" />
  <inspection_tool class="JSLint" enabled="false" level="ERROR" enabled_by_default="false" />
  <inspection_tool class="JSMethodCanBeStatic" enabled="true" level="WARNING" enabled_by_default="true" />
  <inspection_tool class="JSMismatchedCollectionQueryUpdate" enabled="true" level="WARNING" enabled_by_default="true">
    <option name="queries" value="trace,write,forEach,length,size" />
    <option name="updates" value="pop,push,shift,splice,unshift,add,insert,remove,reverse,copyWithin,fill,sort" />
  </inspection_tool>
  <inspection_tool class="JSMissingSwitchBranches" enabled="true" level="INFORMATION" enabled_by_default="true" />
  <inspection_tool class="JSMissingSwitchDefault" enabled="true" level="INFORMATION" enabled_by_default="true" />
  <inspection_tool class="JSNonASCIINames" enabled="true" level="WARNING" enabled_by_default="true" />
  <inspection_tool class="JSNonStrictModeUsed" enabled="false" level="WARNING" enabled_by_default="false" />
  <inspection_tool class="JSObjectNullOrUndefined" enabled="true" level="WARNING" enabled_by_default="true" />
  <inspection_tool class="JSObsoletePrivateAccessSyntax" enabled="true" level="ERROR" enabled_by_default="true" />
  <inspection_tool class="JSOctalInteger" enabled="true" level="ERROR" enabled_by_default="true" />
  <inspection_tool class="JSPotentiallyInvalidConstructorUsage" enabled="true" level="WARNING" enabled_by_default="true">
    <option name="myConsiderUppercaseFunctionsToBeConstructors" value="true" />
  </inspection_tool>
  <inspection_tool class="JSPotentiallyInvalidTargetOfIndexedPropertyAccess" enabled="true" level="WARNING" enabled_by_default="true" />
  <inspection_tool class="JSPotentiallyInvalidUsageOfClassThis" enabled="true" level="WARNING" enabled_by_default="true" />
  <inspection_tool class="JSPotentiallyInvalidUsageOfThis" enabled="true" level="WARNING" enabled_by_default="true" />
  <inspection_tool class="JSPrimitiveTypeWrapperUsage" enabled="true" level="WARNING" enabled_by_default="true" />
  <inspection_tool class="JSRedundantSwitchStatement" enabled="true" level="INFORMATION" enabled_by_default="true" />
  <inspection_tool class="JSReferencingArgumentsOutsideOfFunction" enabled="true" level="ERROR" enabled_by_default="true" />
  <inspection_tool class="JSReferencingMutableVariableFromClosure" enabled="true" level="WARNING" enabled_by_default="true" />
  <inspection_tool class="JSRemoveUnnecessaryParentheses" enabled="true" level="INFORMATION" enabled_by_default="true" />
  <inspection_tool class="JSStringConcatenationToES6Template" enabled="true" level="INFORMATION" enabled_by_default="true" />
  <inspection_tool class="JSSuspiciousEqPlus" enabled="true" level="WARNING" enabled_by_default="true" />
  <inspection_tool class="JSSuspiciousNameCombination" enabled="true" level="WARNING" enabled_by_default="true">
    <group names="x,width,left,right" />
    <group names="y,height,top,bottom" />
    <exclude classes="Math" />
  </inspection_tool>
  <inspection_tool class="JSSwitchVariableDeclarationIssue" enabled="true" level="WARNING" enabled_by_default="true" />
  <inspection_tool class="JSTestFailedLine" enabled="true" level="WARNING" enabled_by_default="true" />
  <inspection_tool class="JSTypeOfValues" enabled="true" level="WARNING" enabled_by_default="true" />
  <inspection_tool class="JSUndeclaredVariable" enabled="true" level="WEAK WARNING" enabled_by_default="true" />
  <inspection_tool class="JSUndefinedPropertyAssignment" enabled="true" level="WEAK WARNING" enabled_by_default="true" />
  <inspection_tool class="JSUnfilteredForInLoop" enabled="true" level="WARNING" enabled_by_default="true" />
  <inspection_tool class="JSUnnecessarySemicolon" enabled="true" level="WARNING" enabled_by_default="true" />
  <inspection_tool class="JSUnreachableSwitchBranches" enabled="true" level="WARNING" enabled_by_default="true" />
  <inspection_tool class="JSUnresolvedExtXType" enabled="true" level="WARNING" enabled_by_default="true" />
  <inspection_tool class="JSUnresolvedFunction" enabled="false" level="WEAK WARNING" enabled_by_default="false" />
  <inspection_tool class="JSUnresolvedLibraryURL" enabled="true" level="WARNING" enabled_by_default="true" />
  <inspection_tool class="JSUnresolvedReactComponent" enabled="false" level="WEAK WARNING" enabled_by_default="false" />
  <inspection_tool class="JSUnresolvedVariable" enabled="false" level="WEAK WARNING" enabled_by_default="false" />
  <inspection_tool class="JSUnusedAssignment" enabled="true" level="WARNING" enabled_by_default="true" />
  <inspection_tool class="JSUnusedGlobalSymbols" enabled="false" level="WARNING" enabled_by_default="false" />
  <inspection_tool class="JSUnusedLocalSymbols" enabled="true" level="WARNING" enabled_by_default="true" />
  <inspection_tool class="JSUrlImportUsage" enabled="false" level="INFORMATION" enabled_by_default="false" />
  <inspection_tool class="JSValidateJSDoc" enabled="true" level="WARNING" enabled_by_default="true" />
  <inspection_tool class="JSValidateTypes" enabled="true" level="WEAK WARNING" enabled_by_default="true" />
  <inspection_tool class="JSVoidFunctionReturnValueUsed" enabled="false" level="WARNING" enabled_by_default="false" />
  <inspection_tool class="JSXNamespaceValidation" enabled="true" level="WEAK WARNING" enabled_by_default="true" />
  <inspection_tool class="JSXSyntaxUsed" enabled="false" level="ERROR" enabled_by_default="false" />
  <inspection_tool class="JSXUnresolvedComponent" enabled="false" level="WEAK WARNING" enabled_by_default="false" />
  <inspection_tool class="JadeTabsAndSpaces" enabled="false" level="ERROR" enabled_by_default="false" />
  <inspection_tool class="Jscs" enabled="false" level="ERROR" enabled_by_default="false" />
  <inspection_tool class="Json5StandardCompliance" enabled="true" level="ERROR" enabled_by_default="true" />
  <inspection_tool class="JsonDuplicatePropertyKeys" enabled="true" level="WARNING" enabled_by_default="true" />
  <inspection_tool class="JsonPathEvaluateUnknownKey" enabled="false" level="WARNING" enabled_by_default="false" />
  <inspection_tool class="JsonPathUnknownFunction" enabled="false" level="WARNING" enabled_by_default="false" />
  <inspection_tool class="JsonPathUnknownOperator" enabled="false" level="WARNING" enabled_by_default="false" />
  <inspection_tool class="JsonSchemaCompliance" enabled="true" level="WARNING" enabled_by_default="true" />
  <inspection_tool class="JsonSchemaDeprecation" enabled="true" level="WEAK WARNING" enabled_by_default="true" />
  <inspection_tool class="JsonSchemaRefReference" enabled="true" level="WARNING" enabled_by_default="true" />
  <inspection_tool class="JsonStandardCompliance" enabled="true" level="ERROR" enabled_by_default="true" />
  <inspection_tool class="JupyterKernelInspection" enabled="false" level="WARNING" enabled_by_default="false" />
  <inspection_tool class="JupyterPackageInspection" enabled="true" level="WARNING" enabled_by_default="true" />
  <inspection_tool class="KarmaConfigFile" enabled="false" level="WARNING" enabled_by_default="false" />
  <inspection_tool class="LabeledStatementJS" enabled="false" level="WARNING" enabled_by_default="false" />
  <inspection_tool class="LanguageDetectionInspection" enabled="false" level="WARNING" enabled_by_default="false" />
  <inspection_tool class="LessResolvedByNameOnly" enabled="true" level="WEAK WARNING" enabled_by_default="true" />
  <inspection_tool class="LessUnresolvedMixin" enabled="true" level="WARNING" enabled_by_default="true" />
  <inspection_tool class="LessUnresolvedVariable" enabled="true" level="WARNING" enabled_by_default="true" />
  <inspection_tool class="LocalVariableNamingConventionJS" enabled="false" level="WARNING" enabled_by_default="false">
    <option name="m_regex" value="[a-z][A-Za-z]*" />
    <option name="m_minLength" value="1" />
    <option name="m_maxLength" value="32" />
  </inspection_tool>
  <inspection_tool class="LongLine" enabled="false" level="WARNING" enabled_by_default="false" />
  <inspection_tool class="LoopStatementThatDoesntLoopJS" enabled="true" level="WARNING" enabled_by_default="true" />
  <inspection_tool class="LossyEncoding" enabled="true" level="WARNING" enabled_by_default="true" />
  <inspection_tool class="MagicNumberJS" enabled="false" level="WARNING" enabled_by_default="false" />
  <inspection_tool class="MakoArgumentListInspection" enabled="true" level="WARNING" enabled_by_default="true" />
  <inspection_tool class="MarkdownIncorrectTableFormatting" enabled="false" level="WEAK WARNING" enabled_by_default="false" />
  <inspection_tool class="MarkdownIncorrectlyNumberedListItem" enabled="false" level="WARNING" enabled_by_default="false" />
  <inspection_tool class="MarkdownLinkDestinationWithSpaces" enabled="false" level="WARNING" enabled_by_default="false" />
  <inspection_tool class="MarkdownNoTableBorders" enabled="false" level="ERROR" enabled_by_default="false" />
  <inspection_tool class="MarkdownOutdatedTableOfContents" enabled="false" level="WARNING" enabled_by_default="false" />
  <inspection_tool class="MarkdownUnresolvedFileReference" enabled="true" level="WARNING" enabled_by_default="true" />
  <inspection_tool class="MarkdownUnresolvedHeaderReference" enabled="false" level="WARNING" enabled_by_default="false" />
  <inspection_tool class="MarkdownUnresolvedLinkLabel" enabled="false" level="WARNING" enabled_by_default="false" />
  <inspection_tool class="MongoJSDeprecationInspection" enabled="false" level="WARNING" enabled_by_default="false" />
  <inspection_tool class="MongoJSExtDeprecationInspection" enabled="false" level="WARNING" enabled_by_default="false" />
  <inspection_tool class="MongoJSExtResolveInspection" enabled="false" level="WARNING" enabled_by_default="false" />
  <inspection_tool class="MongoJSExtSideEffectsInspection" enabled="false" level="WARNING" enabled_by_default="false" />
  <inspection_tool class="MongoJSResolveInspection" enabled="true" level="WARNING" enabled_by_default="true" />
  <inspection_tool class="MongoJSSideEffectsInspection" enabled="false" level="WARNING" enabled_by_default="false" />
  <inspection_tool class="MsBuiltinInspection" enabled="true" level="WARNING" enabled_by_default="true" />
  <inspection_tool class="MsOrderByInspection" enabled="true" level="ERROR" enabled_by_default="true" />
  <inspection_tool class="MysqlLoadDataPathInspection" enabled="true" level="WARNING" enabled_by_default="true" />
  <inspection_tool class="MysqlParsingInspection" enabled="true" level="WARNING" enabled_by_default="true" />
  <inspection_tool class="NegatedConditionalExpressionJS" enabled="false" level="WARNING" enabled_by_default="false" />
  <inspection_tool class="NegatedIfStatementJS" enabled="false" level="WARNING" enabled_by_default="false" />
  <inspection_tool class="NestedAssignmentJS" enabled="false" level="WARNING" enabled_by_default="false" />
  <inspection_tool class="NestedConditionalExpressionJS" enabled="false" level="WARNING" enabled_by_default="false" />
  <inspection_tool class="NestedFunctionCallJS" enabled="false" level="WARNING" enabled_by_default="false" />
  <inspection_tool class="NestedFunctionJS" enabled="false" level="WARNING" enabled_by_default="false">
    <option name="m_includeAnonymousFunctions" value="false" />
  </inspection_tool>
  <inspection_tool class="NestedSwitchStatementJS" enabled="false" level="WARNING" enabled_by_default="false" />
  <inspection_tool class="NestingDepthJS" enabled="false" level="WARNING" enabled_by_default="false">
    <option name="m_limit" value="5" />
  </inspection_tool>
  <inspection_tool class="NodeCoreCodingAssistance" enabled="false" level="WARNING" enabled_by_default="false" />
  <inspection_tool class="NodeModulesDependencies" enabled="true" level="WEAK WARNING" enabled_by_default="true" />
  <inspection_tool class="NonAsciiCharacters" enabled="false" level="WARNING" enabled_by_default="false" />
  <inspection_tool class="NonBlockStatementBodyJS" enabled="false" level="WARNING" enabled_by_default="false" />
  <inspection_tool class="NpmUsedModulesInstalled" enabled="true" level="WEAK WARNING" enabled_by_default="true" />
  <inspection_tool class="ObjectAllocationIgnoredJS" enabled="false" level="WARNING" enabled_by_default="false" />
  <inspection_tool class="OraDeprecateTypeInspection" enabled="true" level="WARNING" enabled_by_default="true" />
  <inspection_tool class="OraMissingBodyInspection" enabled="false" level="WARNING" enabled_by_default="false" />
  <inspection_tool class="OraOverloadInspection" enabled="false" level="WARNING" enabled_by_default="false" />
  <inspection_tool class="OraUnmatchedForwardDeclarationInspection" enabled="false" level="ERROR" enabled_by_default="false" />
  <inspection_tool class="OverlyComplexArithmeticExpressionJS" enabled="false" level="WARNING" enabled_by_default="false">
    <option name="m_limit" value="6" />
  </inspection_tool>
  <inspection_tool class="OverlyComplexBooleanExpressionJS" enabled="false" level="WARNING" enabled_by_default="false">
    <option name="m_limit" value="3" />
  </inspection_tool>
  <inspection_tool class="PackageJsonMismatchedDependency" enabled="true" level="WARNING" enabled_by_default="true" />
  <inspection_tool class="ParameterNamingConventionJS" enabled="false" level="WARNING" enabled_by_default="false">
    <option name="m_regex" value="[a-z][A-Za-z]*" />
    <option name="m_minLength" value="1" />
    <option name="m_maxLength" value="32" />
  </inspection_tool>
  <inspection_tool class="ParametersPerFunctionJS" enabled="false" level="WARNING" enabled_by_default="false">
    <option name="m_limit" value="5" />
  </inspection_tool>
  <inspection_tool class="PgSelectFromProcedureInspection" enabled="true" level="WARNING" enabled_by_default="true" />
  <inspection_tool class="PlatformDetectionJS" enabled="false" level="WARNING" enabled_by_default="false" />
  <inspection_tool class="PoetryPackageVersionsInspection" enabled="false" level="WARNING" enabled_by_default="false" />
  <inspection_tool class="PointlessArithmeticExpressionJS" enabled="true" level="WARNING" enabled_by_default="true" />
  <inspection_tool class="PointlessBitwiseExpressionJS" enabled="false" level="WARNING" enabled_by_default="false">
    <option name="m_ignoreExpressionsContainingConstants" value="false" />
  </inspection_tool>
  <inspection_tool class="PointlessBooleanExpressionJS" enabled="true" level="WARNING" enabled_by_default="true" />
  <inspection_tool class="PostCssCustomMedia" enabled="false" level="ERROR" enabled_by_default="false" />
  <inspection_tool class="PostCssCustomSelector" enabled="false" level="ERROR" enabled_by_default="false" />
  <inspection_tool class="PostCssMediaRange" enabled="false" level="ERROR" enabled_by_default="false" />
  <inspection_tool class="PostCssNesting" enabled="false" level="WARNING" enabled_by_default="false" />
  <inspection_tool class="PostCssUnresolvedModuleValueReference" enabled="false" level="ERROR" enabled_by_default="false" />
  <inspection_tool class="ProblematicWhitespace" enabled="false" level="WARNING" enabled_by_default="false" />
  <inspection_tool class="Puppet3Deprecations" enabled="true" level="WARNING" enabled_by_default="true" />
  <inspection_tool class="Puppet4Deprecations" enabled="true" level="WARNING" enabled_by_default="true" />
  <inspection_tool class="PuppetMultipleHashSetParamsPerResourceInstance" enabled="true" level="ERROR" enabled_by_default="true" />
  <inspection_tool class="PuppetUnresolved" enabled="true" level="WARNING" enabled_by_default="true" />
  <inspection_tool class="PyAbstractClassInspection" enabled="true" level="WEAK WARNING" enabled_by_default="true" />
  <inspection_tool class="PyArgumentEqualDefaultInspection" enabled="false" level="WEAK WARNING" enabled_by_default="false" />
  <inspection_tool class="PyArgumentListInspection" enabled="true" level="WARNING" enabled_by_default="true" />
  <inspection_tool class="PyAssignmentToLoopOrWithParameterInspection" enabled="true" level="WEAK WARNING" enabled_by_default="true" />
  <inspection_tool class="PyAsyncCallInspection" enabled="true" level="WARNING" enabled_by_default="true" />
  <inspection_tool class="PyAttributeOutsideInitInspection" enabled="true" level="WEAK WARNING" enabled_by_default="true" />
  <inspection_tool class="PyAugmentAssignmentInspection" enabled="true" level="WEAK WARNING" enabled_by_default="true" />
  <inspection_tool class="PyBDDParametersInspection" enabled="true" level="WARNING" enabled_by_default="true" />
  <inspection_tool class="PyBehaveInspection" enabled="true" level="WARNING" enabled_by_default="true" />
  <inspection_tool class="PyBroadExceptionInspection" enabled="false" level="WEAK WARNING" enabled_by_default="false" />
  <inspection_tool class="PyByteLiteralInspection" enabled="true" level="WARNING" enabled_by_default="true" />
  <inspection_tool class="PyCallByClassInspection" enabled="true" level="WEAK WARNING" enabled_by_default="true" />
  <inspection_tool class="PyCallingNonCallableInspection" enabled="true" level="WARNING" enabled_by_default="true" />
  <inspection_tool class="PyChainedComparisonsInspection" enabled="true" level="WEAK WARNING" enabled_by_default="true">
    <option name="ignoreConstantInTheMiddle" value="true" />
  </inspection_tool>
  <inspection_tool class="PyClassHasNoInitInspection" enabled="true" level="WEAK WARNING" enabled_by_default="true" />
  <inspection_tool class="PyClassicStyleClassInspection" enabled="true" level="WARNING" enabled_by_default="true" />
  <inspection_tool class="PyComparisonWithNoneInspection" enabled="true" level="WEAK WARNING" enabled_by_default="true" />
  <inspection_tool class="PyCompatibilityInspection" enabled="false" level="WARNING" enabled_by_default="false">
    <option name="ourVersions">
      <value>
        <list size="2">
          <item index="0" class="java.lang.String" itemvalue="2.7" />
          <item index="1" class="java.lang.String" itemvalue="3.9" />
        </list>
      </value>
    </option>
  </inspection_tool>
  <inspection_tool class="PyDataclassInspection" enabled="true" level="WARNING" enabled_by_default="true" />
  <inspection_tool class="PyDecoratorInspection" enabled="true" level="WARNING" enabled_by_default="true" />
  <inspection_tool class="PyDefaultArgumentInspection" enabled="true" level="WARNING" enabled_by_default="true" />
  <inspection_tool class="PyDeprecationInspection" enabled="true" level="WARNING" enabled_by_default="true" />
  <inspection_tool class="PyDictCreationInspection" enabled="true" level="WEAK WARNING" enabled_by_default="true" />
  <inspection_tool class="PyDictDuplicateKeysInspection" enabled="true" level="WARNING" enabled_by_default="true" />
  <inspection_tool class="PyDocstringTypesInspection" enabled="true" level="WEAK WARNING" enabled_by_default="true" />
  <inspection_tool class="PyDunderSlotsInspection" enabled="true" level="WARNING" enabled_by_default="true" />
  <inspection_tool class="PyExceptClausesOrderInspection" enabled="true" level="WARNING" enabled_by_default="true" />
  <inspection_tool class="PyExceptionInheritInspection" enabled="true" level="WARNING" enabled_by_default="true" />
  <inspection_tool class="PyFinalInspection" enabled="true" level="WARNING" enabled_by_default="true" />
  <inspection_tool class="PyFromFutureImportInspection" enabled="true" level="WARNING" enabled_by_default="true" />
  <inspection_tool class="PyGlobalUndefinedInspection" enabled="true" level="WEAK WARNING" enabled_by_default="true" />
  <inspection_tool class="PyInconsistentIndentationInspection" enabled="true" level="WARNING" enabled_by_default="true" />
  <inspection_tool class="PyIncorrectDocstringInspection" enabled="true" level="WEAK WARNING" enabled_by_default="true" />
  <inspection_tool class="PyInitNewSignatureInspection" enabled="true" level="WARNING" enabled_by_default="true" />
  <inspection_tool class="PyInterpreterInspection" enabled="true" level="WARNING" enabled_by_default="true" />
  <inspection_tool class="PyListCreationInspection" enabled="true" level="WEAK WARNING" enabled_by_default="true" />
  <inspection_tool class="PyMandatoryEncodingInspection" enabled="true" level="WARNING" enabled_by_default="true" />
  <inspection_tool class="PyMethodFirstArgAssignmentInspection" enabled="true" level="WARNING" enabled_by_default="true" />
  <inspection_tool class="PyMethodMayBeStaticInspection" enabled="false" level="WEAK WARNING" enabled_by_default="false" />
  <inspection_tool class="PyMethodOverridingInspection" enabled="true" level="WARNING" enabled_by_default="true" />
  <inspection_tool class="PyMethodParametersInspection" enabled="true" level="WEAK WARNING" enabled_by_default="true" />
  <inspection_tool class="PyMissingConstructorInspection" enabled="true" level="WARNING" enabled_by_default="true" />
  <inspection_tool class="PyMissingOrEmptyDocstringInspection" enabled="false" level="WEAK WARNING" enabled_by_default="false" />
  <inspection_tool class="PyMissingTypeHintsInspection" enabled="true" level="WEAK WARNING" enabled_by_default="true" />
  <inspection_tool class="PyNamedTupleInspection" enabled="true" level="WARNING" enabled_by_default="true" />
  <inspection_tool class="PyNestedDecoratorsInspection" enabled="true" level="WEAK WARNING" enabled_by_default="true" />
  <inspection_tool class="PyNonAsciiCharInspection" enabled="true" level="WARNING" enabled_by_default="true" />
  <inspection_tool class="PyNoneFunctionAssignmentInspection" enabled="true" level="WEAK WARNING" enabled_by_default="true" />
  <inspection_tool class="PyOldStyleClassesInspection" enabled="true" level="WARNING" enabled_by_default="true" />
  <inspection_tool class="PyOverloadsInspection" enabled="true" level="WARNING" enabled_by_default="true" />
  <inspection_tool class="PyPackageRequirementsInspection" enabled="true" level="WARNING" enabled_by_default="true">
    <option name="ignoredPackages">
      <value>
        <list size="126">
          <item index="0" class="java.lang.String" itemvalue="traitlets" />
          <item index="1" class="java.lang.String" itemvalue="functools32" />
          <item index="2" class="java.lang.String" itemvalue="protobuf" />
          <item index="3" class="java.lang.String" itemvalue="html5lib" />
          <item index="4" class="java.lang.String" itemvalue="funcsigs" />
          <item index="5" class="java.lang.String" itemvalue="numpy" />
          <item index="6" class="java.lang.String" itemvalue="Jinja2" />
          <item index="7" class="java.lang.String" itemvalue="ipython-genutils" />
          <item index="8" class="java.lang.String" itemvalue="tensorflow" />
          <item index="9" class="java.lang.String" itemvalue="appdirs" />
          <item index="10" class="java.lang.String" itemvalue="scandir" />
          <item index="11" class="java.lang.String" itemvalue="certifi" />
          <item index="12" class="java.lang.String" itemvalue="prompt-toolkit" />
          <item index="13" class="java.lang.String" itemvalue="pyparsing" />
          <item index="14" class="java.lang.String" itemvalue="ipywidgets" />
          <item index="15" class="java.lang.String" itemvalue="notebook" />
          <item index="16" class="java.lang.String" itemvalue="qtconsole" />
          <item index="17" class="java.lang.String" itemvalue="scipy" />
          <item index="18" class="java.lang.String" itemvalue="subprocess32" />
          <item index="19" class="java.lang.String" itemvalue="tornado" />
          <item index="20" class="java.lang.String" itemvalue="h5py" />
          <item index="21" class="java.lang.String" itemvalue="nbformat" />
          <item index="22" class="java.lang.String" itemvalue="ipython" />
          <item index="23" class="java.lang.String" itemvalue="jupyter-client" />
          <item index="24" class="java.lang.String" itemvalue="ipykernel" />
          <item index="25" class="java.lang.String" itemvalue="mistune" />
          <item index="26" class="java.lang.String" itemvalue="backports-abc" />
          <item index="27" class="java.lang.String" itemvalue="Theano" />
          <item index="28" class="java.lang.String" itemvalue="configparser" />
          <item index="29" class="java.lang.String" itemvalue="widgetsnbextension" />
          <item index="30" class="java.lang.String" itemvalue="matplotlib" />
          <item index="31" class="java.lang.String" itemvalue="Keras" />
          <item index="32" class="java.lang.String" itemvalue="pytz" />
          <item index="33" class="java.lang.String" itemvalue="enum34" />
          <item index="34" class="java.lang.String" itemvalue="Pillow" />
          <item index="35" class="java.lang.String" itemvalue="gunicorn" />
          <item index="36" class="java.lang.String" itemvalue="Werkzeug" />
          <item index="37" class="java.lang.String" itemvalue="django-crispy-forms" />
          <item index="38" class="java.lang.String" itemvalue="psycopg2" />
          <item index="39" class="java.lang.String" itemvalue="django-filter" />
          <item index="40" class="java.lang.String" itemvalue="django-guardian" />
          <item index="41" class="java.lang.String" itemvalue="Pygments" />
          <item index="42" class="java.lang.String" itemvalue="Django" />
          <item index="43" class="java.lang.String" itemvalue="drf-nested-routers" />
          <item index="44" class="java.lang.String" itemvalue="djangorestframework" />
          <item index="45" class="java.lang.String" itemvalue="django-cors-headers" />
          <item index="46" class="java.lang.String" itemvalue="Markdown" />
          <item index="47" class="java.lang.String" itemvalue="passlib" />
          <item index="48" class="java.lang.String" itemvalue="django-filters" />
          <item index="49" class="java.lang.String" itemvalue="altgraph" />
          <item index="50" class="java.lang.String" itemvalue="Automat" />
          <item index="51" class="java.lang.String" itemvalue="typed-ast" />
          <item index="52" class="java.lang.String" itemvalue="aws-cdk.aws-codeguruprofiler" />
          <item index="53" class="java.lang.String" itemvalue="PyQt5-sip" />
          <item index="54" class="java.lang.String" itemvalue="aws-cdk.aws-sns-subscriptions" />
          <item index="55" class="java.lang.String" itemvalue="pycparser" />
          <item index="56" class="java.lang.String" itemvalue="constantly" />
          <item index="57" class="java.lang.String" itemvalue="pyasn1-modules" />
          <item index="58" class="java.lang.String" itemvalue="aws-cdk.aws-lambda" />
          <item index="59" class="java.lang.String" itemvalue="aws-cdk.aws-ssm" />
          <item index="60" class="java.lang.String" itemvalue="aws-cdk.aws-cloudwatch" />
          <item index="61" class="java.lang.String" itemvalue="aws-cdk.aws-events" />
          <item index="62" class="java.lang.String" itemvalue="PyQt5" />
          <item index="63" class="java.lang.String" itemvalue="publication" />
          <item index="64" class="java.lang.String" itemvalue="jsii" />
          <item index="65" class="java.lang.String" itemvalue="gevent" />
          <item index="66" class="java.lang.String" itemvalue="daphne" />
          <item index="67" class="java.lang.String" itemvalue="hyperlink" />
          <item index="68" class="java.lang.String" itemvalue="service-identity" />
          <item index="69" class="java.lang.String" itemvalue="aws-cdk.aws-logs" />
          <item index="70" class="java.lang.String" itemvalue="asgiref" />
          <item index="71" class="java.lang.String" itemvalue="cryptography" />
          <item index="72" class="java.lang.String" itemvalue="typing-extensions" />
          <item index="73" class="java.lang.String" itemvalue="loguru" />
          <item index="74" class="java.lang.String" itemvalue="attrs" />
          <item index="75" class="java.lang.String" itemvalue="aws-cdk.aws-sns" />
          <item index="76" class="java.lang.String" itemvalue="pyinstaller-hooks-contrib" />
          <item index="77" class="java.lang.String" itemvalue="hiredis" />
          <item index="78" class="java.lang.String" itemvalue="aioredis" />
          <item index="79" class="java.lang.String" itemvalue="aws-cdk.region-info" />
          <item index="80" class="java.lang.String" itemvalue="channels" />
          <item index="81" class="java.lang.String" itemvalue="aws-cdk.aws-efs" />
          <item index="82" class="java.lang.String" itemvalue="aws-cdk.assets" />
          <item index="83" class="java.lang.String" itemvalue="msgpack" />
          <item index="84" class="java.lang.String" itemvalue="idna" />
          <item index="85" class="java.lang.String" itemvalue="async-timeout" />
          <item index="86" class="java.lang.String" itemvalue="aws-cdk.core" />
          <item index="87" class="java.lang.String" itemvalue="cffi" />
          <item index="88" class="java.lang.String" itemvalue="aws-cdk.aws-iam" />
          <item index="89" class="java.lang.String" itemvalue="aws-cdk.aws-sqs" />
          <item index="90" class="java.lang.String" itemvalue="aws-cdk.aws-ec2" />
          <item index="91" class="java.lang.String" itemvalue="pyasn1" />
          <item index="92" class="java.lang.String" itemvalue="requests" />
          <item index="93" class="java.lang.String" itemvalue="constructs" />
          <item index="94" class="java.lang.String" itemvalue="importlib-metadata" />
          <item index="95" class="java.lang.String" itemvalue="example" />
          <item index="96" class="java.lang.String" itemvalue="sqlparse" />
          <item index="97" class="java.lang.String" itemvalue="aws-cdk.cloud-assembly-schema" />
          <item index="98" class="java.lang.String" itemvalue="pyOpenSSL" />
          <item index="99" class="java.lang.String" itemvalue="aws-cdk.aws-kms" />
          <item index="100" class="java.lang.String" itemvalue="macholib" />
          <item index="101" class="java.lang.String" itemvalue="zipp" />
          <item index="102" class="java.lang.String" itemvalue="txaio" />
          <item index="103" class="java.lang.String" itemvalue="sip" />
          <item index="104" class="java.lang.String" itemvalue="urllib3" />
          <item index="105" class="java.lang.String" itemvalue="aws-cdk.aws-s3" />
          <item index="106" class="java.lang.String" itemvalue="zope.event" />
          <item index="107" class="java.lang.String" itemvalue="pyinstaller" />
          <item index="108" class="java.lang.String" itemvalue="cattrs" />
          <item index="109" class="java.lang.String" itemvalue="aws-cdk.aws-applicationautoscaling" />
          <item index="110" class="java.lang.String" itemvalue="aws-cdk.cx-api" />
          <item index="111" class="java.lang.String" itemvalue="PyHamcrest" />
          <item index="112" class="java.lang.String" itemvalue="packaging" />
          <item index="113" class="java.lang.String" itemvalue="incremental" />
          <item index="114" class="java.lang.String" itemvalue="channels-redis" />
          <item index="115" class="java.lang.String" itemvalue="pandas" />
          <item index="116" class="java.lang.String" itemvalue="autobahn" />
          <item index="117" class="java.lang.String" itemvalue="aws-cdk.aws-autoscaling-common" />
          <item index="118" class="java.lang.String" itemvalue="aws-cdk.aws-s3-assets" />
          <item index="119" class="java.lang.String" itemvalue="Twisted" />
          <item index="120" class="java.lang.String" itemvalue="jp" />
          <item index="121" class="java.lang.String" itemvalue="websocket-client" />
          <item index="122" class="java.lang.String" itemvalue="jieba-tw" />
          <item index="123" class="java.lang.String" itemvalue="pymongo" />
          <item index="124" class="java.lang.String" itemvalue="gate-api" />
          <item index="125" class="java.lang.String" itemvalue="pytest" />
        </list>
      </value>
    </option>
  </inspection_tool>
  <inspection_tool class="PyPep8Inspection" enabled="true" level="WEAK WARNING" enabled_by_default="true">
    <option name="ignoredErrors">
      <list>
        <option value="E501" />
        <option value="E402" />
        <option value="E262" />
        <option value="E731" />
        <option value="E101" />
        <option value="W191" />
        <option value="E741" />
      </list>
    </option>
  </inspection_tool>
  <inspection_tool class="PyPep8NamingInspection" enabled="true" level="WEAK WARNING" enabled_by_default="true">
    <option name="ignoredErrors">
      <list>
        <option value="N806" />
        <option value="N812" />
        <option value="N802" />
        <option value="N813" />
        <option value="N801" />
      </list>
    </option>
  </inspection_tool>
  <inspection_tool class="PyPropertyAccessInspection" enabled="true" level="WARNING" enabled_by_default="true" />
  <inspection_tool class="PyPropertyDefinitionInspection" enabled="true" level="WARNING" enabled_by_default="true" />
  <inspection_tool class="PyProtectedMemberInspection" enabled="true" level="WEAK WARNING" enabled_by_default="true" />
  <inspection_tool class="PyProtocolInspection" enabled="true" level="WARNING" enabled_by_default="true" />
  <inspection_tool class="PyRedeclarationInspection" enabled="false" level="WARNING" enabled_by_default="false" />
  <inspection_tool class="PyRedundantParenthesesInspection" enabled="true" level="WEAK WARNING" enabled_by_default="true" />
  <inspection_tool class="PyRelativeImportInspection" enabled="false" level="WEAK WARNING" enabled_by_default="false" />
  <inspection_tool class="PyReturnFromInitInspection" enabled="true" level="WARNING" enabled_by_default="true" />
  <inspection_tool class="PySetFunctionToLiteralInspection" enabled="true" level="WARNING" enabled_by_default="true" />
  <inspection_tool class="PyShadowingBuiltinsInspection" enabled="true" level="WEAK WARNING" enabled_by_default="true" />
  <inspection_tool class="PyShadowingNamesInspection" enabled="false" level="WEAK WARNING" enabled_by_default="false" />
  <inspection_tool class="PySimplifyBooleanCheckInspection" enabled="true" level="WEAK WARNING" enabled_by_default="true" />
  <inspection_tool class="PySingleQuotedDocstringInspection" enabled="true" level="WEAK WARNING" enabled_by_default="true" />
  <inspection_tool class="PyStatementEffectInspection" enabled="true" level="WARNING" enabled_by_default="true" />
  <inspection_tool class="PyStringExceptionInspection" enabled="true" level="ERROR" enabled_by_default="true" />
  <inspection_tool class="PyStringFormatInspection" enabled="true" level="WARNING" enabled_by_default="true" />
  <inspection_tool class="PyStubPackagesAdvertiser" enabled="true" level="WARNING" enabled_by_default="true" />
  <inspection_tool class="PyStubPackagesCompatibilityInspection" enabled="true" level="WARNING" enabled_by_default="true" />
  <inspection_tool class="PySuperArgumentsInspection" enabled="true" level="WARNING" enabled_by_default="true" />
  <inspection_tool class="PyTestParametrizedInspection" enabled="true" level="WARNING" enabled_by_default="true" />
  <inspection_tool class="PyTrailingSemicolonInspection" enabled="true" level="WARNING" enabled_by_default="true" />
  <inspection_tool class="PyTupleAssignmentBalanceInspection" enabled="true" level="WARNING" enabled_by_default="true" />
  <inspection_tool class="PyTupleItemAssignmentInspection" enabled="true" level="WARNING" enabled_by_default="true" />
  <inspection_tool class="PyTypeCheckerInspection" enabled="false" level="WARNING" enabled_by_default="false" />
  <inspection_tool class="PyTypeHintsInspection" enabled="true" level="WARNING" enabled_by_default="true" />
  <inspection_tool class="PyTypedDictInspection" enabled="true" level="WARNING" enabled_by_default="true" />
  <inspection_tool class="PyUnboundLocalVariableInspection" enabled="true" level="WARNING" enabled_by_default="true" />
  <inspection_tool class="PyUnnecessaryBackslashInspection" enabled="true" level="WARNING" enabled_by_default="true" />
  <inspection_tool class="PyUnreachableCodeInspection" enabled="true" level="WARNING" enabled_by_default="true" />
  <inspection_tool class="PyUnresolvedReferencesInspection" enabled="true" level="WARNING" enabled_by_default="true">
    <option name="ignoredIdentifiers">
      <list>
        <option value="urllib.parse" />
        <option value="vectorbt.defaults" />
      </list>
    </option>
  </inspection_tool>
  <inspection_tool class="PyUnusedLocalInspection" enabled="true" level="WEAK WARNING" enabled_by_default="true" />
  <inspection_tool class="PyramidSetupInspection" enabled="true" level="WARNING" enabled_by_default="true" />
  <inspection_tool class="QodanaServiceMessage" enabled="false" level="ERROR" enabled_by_default="false" />
  <inspection_tool class="Query_bound_parameters" enabled="true" level="WARNING" enabled_by_default="true" />
  <inspection_tool class="Query_index_required" enabled="true" level="WARNING" enabled_by_default="true" />
  <inspection_tool class="Query_restricted" enabled="true" level="WARNING" enabled_by_default="true" />
  <inspection_tool class="ReassignedToPlainText" enabled="false" level="WARNING" enabled_by_default="false" />
  <inspection_tool class="RedundantSuppression" enabled="true" level="WARNING" enabled_by_default="true" />
  <inspection_tool class="ReferenceExistsInspection" enabled="false" level="ERROR" enabled_by_default="false" />
  <inspection_tool class="RegExpAnonymousGroup" enabled="false" level="WARNING" enabled_by_default="false" />
  <inspection_tool class="RegExpDuplicateAlternationBranch" enabled="true" level="WARNING" enabled_by_default="true" />
  <inspection_tool class="RegExpDuplicateCharacterInClass" enabled="false" level="WARNING" enabled_by_default="false" />
  <inspection_tool class="RegExpEmptyAlternationBranch" enabled="true" level="WARNING" enabled_by_default="true" />
  <inspection_tool class="RegExpEscapedMetaCharacter" enabled="true" level="INFORMATION" enabled_by_default="true" />
  <inspection_tool class="RegExpOctalEscape" enabled="true" level="INFORMATION" enabled_by_default="true" />
  <inspection_tool class="RegExpRedundantClassElement" enabled="false" level="WEAK WARNING" enabled_by_default="false" />
  <inspection_tool class="RegExpRedundantEscape" enabled="true" level="WARNING" enabled_by_default="true" />
  <inspection_tool class="RegExpRedundantNestedCharacterClass" enabled="false" level="WARNING" enabled_by_default="false" />
  <inspection_tool class="RegExpRepeatedSpace" enabled="true" level="WARNING" enabled_by_default="true" />
  <inspection_tool class="RegExpSimplifiable" enabled="false" level="WEAK WARNING" enabled_by_default="false" />
  <inspection_tool class="RegExpSingleCharAlternation" enabled="true" level="WARNING" enabled_by_default="true" />
  <inspection_tool class="RegExpSuspiciousBackref" enabled="false" level="WARNING" enabled_by_default="false" />
  <inspection_tool class="RegExpUnexpectedAnchor" enabled="true" level="WARNING" enabled_by_default="true" />
  <inspection_tool class="RegExpUnnecessaryNonCapturingGroup" enabled="false" level="WARNING" enabled_by_default="false" />
  <inspection_tool class="ReplaceAssignmentWithOperatorAssignmentJS" enabled="false" level="WARNING" enabled_by_default="false" />
  <inspection_tool class="RequiredAttributes" enabled="true" level="WARNING" enabled_by_default="true">
    <option name="myAdditionalRequiredHtmlAttributes" value="" />
  </inspection_tool>
  <inspection_tool class="ReservedWordUsedAsNameJS" enabled="true" level="WARNING" enabled_by_default="true" />
  <inspection_tool class="RestRoleInspection" enabled="false" level="WARNING" enabled_by_default="false">
    <option name="ignoredRoles">
      <value>
        <list size="0" />
      </value>
    </option>
  </inspection_tool>
  <inspection_tool class="Restricted_Python_calls" enabled="true" level="WARNING" enabled_by_default="true" />
  <inspection_tool class="ReturnFromFinallyBlockJS" enabled="true" level="WARNING" enabled_by_default="true" />
  <inspection_tool class="ReuseOfLocalVariableJS" enabled="false" level="WARNING" enabled_by_default="false" />
  <inspection_tool class="SSBasedInspection" enabled="false" level="WARNING" enabled_by_default="false" />
  <inspection_tool class="SassScssResolvedByNameOnly" enabled="true" level="WEAK WARNING" enabled_by_default="true" />
  <inspection_tool class="SassScssUnresolvedMixin" enabled="true" level="WARNING" enabled_by_default="true" />
  <inspection_tool class="SassScssUnresolvedPlaceholderSelector" enabled="true" level="WARNING" enabled_by_default="true" />
  <inspection_tool class="SassScssUnresolvedVariable" enabled="true" level="WARNING" enabled_by_default="true" />
  <inspection_tool class="ShellCheck" enabled="true" level="ERROR" enabled_by_default="true" />
  <inspection_tool class="ShiftOutOfRangeJS" enabled="true" level="WARNING" enabled_by_default="true" />
  <inspection_tool class="SillyAssignmentJS" enabled="true" level="WARNING" enabled_by_default="true" />
  <inspection_tool class="SpellCheckingInspection" enabled="false" level="TYPO" enabled_by_default="false">
    <option name="processCode" value="true" />
    <option name="processLiterals" value="true" />
    <option name="processComments" value="true" />
  </inspection_tool>
  <inspection_tool class="SqlAddNotNullColumnInspection" enabled="true" level="WARNING" enabled_by_default="true" />
  <inspection_tool class="SqlAggregatesInspection" enabled="true" level="WARNING" enabled_by_default="true" />
  <inspection_tool class="SqlAmbiguousColumnInspection" enabled="true" level="WARNING" enabled_by_default="true" />
  <inspection_tool class="SqlAutoIncrementDuplicateInspection" enabled="true" level="WARNING" enabled_by_default="true" />
  <inspection_tool class="SqlCallNotationInspection" enabled="false" level="ERROR" enabled_by_default="false" />
  <inspection_tool class="SqlCaseVsCoalesceInspection" enabled="true" level="WARNING" enabled_by_default="true" />
  <inspection_tool class="SqlCaseVsIfInspection" enabled="true" level="WARNING" enabled_by_default="true" />
  <inspection_tool class="SqlCheckUsingColumnsInspection" enabled="true" level="WARNING" enabled_by_default="true" />
  <inspection_tool class="SqlConstantConditionInspection" enabled="true" level="WARNING" enabled_by_default="true" />
  <inspection_tool class="SqlConstantExpressionInspection" enabled="false" level="WARNING" enabled_by_default="false" />
  <inspection_tool class="SqlCurrentSchemaInspection" enabled="true" level="WARNING" enabled_by_default="true" />
  <inspection_tool class="SqlDeprecateTypeInspection" enabled="false" level="WARNING" enabled_by_default="false" />
  <inspection_tool class="SqlDerivedTableAliasInspection" enabled="true" level="WARNING" enabled_by_default="true" />
  <inspection_tool class="SqlDialectInspection" enabled="true" level="WARNING" enabled_by_default="true" />
  <inspection_tool class="SqlDropIndexedColumnInspection" enabled="true" level="WARNING" enabled_by_default="true" />
  <inspection_tool class="SqlDtInspection" enabled="true" level="WARNING" enabled_by_default="true" />
  <inspection_tool class="SqlDuplicateColumnInspection" enabled="true" level="WARNING" enabled_by_default="true" />
  <inspection_tool class="SqlErrorHandlingInspection" enabled="true" level="ERROR" enabled_by_default="true" />
  <inspection_tool class="SqlGotoInspection" enabled="false" level="WARNING" enabled_by_default="false" />
  <inspection_tool class="SqlIdentifierInspection" enabled="true" level="WARNING" enabled_by_default="true" />
  <inspection_tool class="SqlIdentifierLengthInspection" enabled="true" level="ERROR" enabled_by_default="true" />
  <inspection_tool class="SqlIllegalCursorStateInspection" enabled="true" level="WARNING" enabled_by_default="true" />
  <inspection_tool class="SqlInsertIntoGeneratedColumnInspection" enabled="true" level="WARNING" enabled_by_default="true" />
  <inspection_tool class="SqlInsertNullIntoNotNullInspection" enabled="true" level="WARNING" enabled_by_default="true" />
  <inspection_tool class="SqlInsertValuesInspection" enabled="true" level="WARNING" enabled_by_default="true" />
  <inspection_tool class="SqlJoinWithoutOnInspection" enabled="true" level="WARNING" enabled_by_default="true" />
  <inspection_tool class="SqlMisleadingReferenceInspection" enabled="true" level="WARNING" enabled_by_default="true" />
  <inspection_tool class="SqlMissingColumnAliasesInspection" enabled="false" level="WARNING" enabled_by_default="false" />
  <inspection_tool class="SqlMissingReturnInspection" enabled="true" level="ERROR" enabled_by_default="true" />
  <inspection_tool class="SqlMultipleLimitClausesInspection" enabled="true" level="WARNING" enabled_by_default="true" />
  <inspection_tool class="SqlNamedArgumentsInspection" enabled="false" level="WARNING" enabled_by_default="false" />
  <inspection_tool class="SqlNoDataSourceInspection" enabled="true" level="WARNING" enabled_by_default="true" />
  <inspection_tool class="SqlNullComparisonInspection" enabled="true" level="WARNING" enabled_by_default="true" />
  <inspection_tool class="SqlRedundantAliasInspection" enabled="true" level="WARNING" enabled_by_default="true" />
  <inspection_tool class="SqlRedundantCodeInCoalesceInspection" enabled="true" level="WARNING" enabled_by_default="true" />
  <inspection_tool class="SqlRedundantElseNullInspection" enabled="true" level="WARNING" enabled_by_default="true" />
  <inspection_tool class="SqlRedundantLimitInspection" enabled="true" level="WARNING" enabled_by_default="true" />
  <inspection_tool class="SqlRedundantOrderingDirectionInspection" enabled="true" level="WARNING" enabled_by_default="true" />
  <inspection_tool class="SqlResolveInspection" enabled="true" level="ERROR" enabled_by_default="true" />
  <inspection_tool class="SqlShadowingAliasInspection" enabled="false" level="WARNING" enabled_by_default="false" />
  <inspection_tool class="SqlShouldBeInGroupByInspection" enabled="true" level="WARNING" enabled_by_default="true" />
  <inspection_tool class="SqlSideEffectsInspection" enabled="true" level="WARNING" enabled_by_default="true" />
  <inspection_tool class="SqlSignatureInspection" enabled="true" level="WARNING" enabled_by_default="true" />
  <inspection_tool class="SqlStorageInspection" enabled="true" level="WARNING" enabled_by_default="true" />
  <inspection_tool class="SqlStringLengthExceededInspection" enabled="true" level="WARNING" enabled_by_default="true" />
  <inspection_tool class="SqlTransactionStatementInTriggerInspection" enabled="true" level="WARNING" enabled_by_default="true" />
  <inspection_tool class="SqlTriggerTransitionInspection" enabled="true" level="WARNING" enabled_by_default="true" />
  <inspection_tool class="SqlTypeInspection" enabled="true" level="WARNING" enabled_by_default="true" />
  <inspection_tool class="SqlUnicodeStringLiteralInspection" enabled="true" level="WARNING" enabled_by_default="true" />
  <inspection_tool class="SqlUnreachableCodeInspection" enabled="true" level="WARNING" enabled_by_default="true" />
  <inspection_tool class="SqlUnusedCteInspection" enabled="true" level="WARNING" enabled_by_default="true" />
  <inspection_tool class="SqlUnusedSubqueryItemInspection" enabled="true" level="WARNING" enabled_by_default="true" />
  <inspection_tool class="SqlUnusedVariableInspection" enabled="true" level="WARNING" enabled_by_default="true" />
  <inspection_tool class="SqlWithoutWhereInspection" enabled="true" level="WARNING" enabled_by_default="true" />
  <inspection_tool class="StandardJS" enabled="false" level="ERROR" enabled_by_default="false" />
  <inspection_tool class="StatementsPerFunctionJS" enabled="false" level="WARNING" enabled_by_default="false">
    <option name="m_limit" value="30" />
  </inspection_tool>
  <inspection_tool class="StringLiteralBreaksHTMLJS" enabled="false" level="WARNING" enabled_by_default="false" />
  <inspection_tool class="Stylelint" enabled="false" level="ERROR" enabled_by_default="false" />
  <inspection_tool class="SuspiciousTypeOfGuard" enabled="true" level="WARNING" enabled_by_default="true" />
  <inspection_tool class="SyntaxError" enabled="true" level="ERROR" enabled_by_default="true" />
  <inspection_tool class="TailRecursionJS" enabled="false" level="WARNING" enabled_by_default="false" />
  <inspection_tool class="TaskProblemsInspection" enabled="true" level="WEAK WARNING" enabled_by_default="true" />
  <inspection_tool class="TextLabelInSwitchStatementJS" enabled="false" level="WARNING" enabled_by_default="false" />
  <inspection_tool class="ThisExpressionReferencesGlobalObjectJS" enabled="true" level="WARNING" enabled_by_default="true" />
  <inspection_tool class="ThreeNegationsPerFunctionJS" enabled="false" level="WARNING" enabled_by_default="false" />
  <inspection_tool class="ThrowFromFinallyBlockJS" enabled="true" level="WARNING" enabled_by_default="true" />
  <inspection_tool class="TodoComment" enabled="false" level="WARNING" enabled_by_default="false" />
  <inspection_tool class="TomlUnresolvedReference" enabled="false" level="WARNING" enabled_by_default="false" />
  <inspection_tool class="TrailingSpacesInProperty" enabled="true" level="WARNING" enabled_by_default="true" />
  <inspection_tool class="TrivialConditionalJS" enabled="true" level="WARNING" enabled_by_default="true" />
  <inspection_tool class="TrivialIfJS" enabled="true" level="WARNING" enabled_by_default="true" />
  <inspection_tool class="TsLint" enabled="false" level="WARNING" enabled_by_default="false" />
  <inspection_tool class="TypeScriptAbstractClassConstructorCanBeMadeProtected" enabled="true" level="WEAK WARNING" enabled_by_default="true" />
  <inspection_tool class="TypeScriptAccessibilityCheck" enabled="true" level="WEAK WARNING" enabled_by_default="true" />
  <inspection_tool class="TypeScriptCheckImport" enabled="true" level="ERROR" enabled_by_default="true" />
  <inspection_tool class="TypeScriptConfig" enabled="true" level="WARNING" enabled_by_default="true" />
  <inspection_tool class="TypeScriptDuplicateUnionOrIntersectionType" enabled="true" level="WARNING" enabled_by_default="true" />
  <inspection_tool class="TypeScriptExplicitMemberType" enabled="true" level="INFORMATION" enabled_by_default="true" />
  <inspection_tool class="TypeScriptFieldCanBeMadeReadonly" enabled="true" level="WEAK WARNING" enabled_by_default="true" />
  <inspection_tool class="TypeScriptJSXUnresolvedComponent" enabled="false" level="WEAK WARNING" enabled_by_default="false" />
  <inspection_tool class="TypeScriptLibrary" enabled="true" level="ERROR" enabled_by_default="true" />
  <inspection_tool class="TypeScriptMissingAugmentationImport" enabled="true" level="INFORMATION" enabled_by_default="true" />
  <inspection_tool class="TypeScriptMissingConfigOption" enabled="true" level="WARNING" enabled_by_default="true" />
  <inspection_tool class="TypeScriptRedundantGenericType" enabled="true" level="WEAK WARNING" enabled_by_default="true" />
  <inspection_tool class="TypeScriptSmartCast" enabled="true" level="WARNING" enabled_by_default="true" />
  <inspection_tool class="TypeScriptSuspiciousConstructorParameterAssignment" enabled="true" level="WARNING" enabled_by_default="true" />
  <inspection_tool class="TypeScriptUMDGlobal" enabled="true" level="WEAK WARNING" enabled_by_default="true" />
  <inspection_tool class="TypeScriptUnresolvedFunction" enabled="true" level="WEAK WARNING" enabled_by_default="true" />
  <inspection_tool class="TypeScriptUnresolvedReactComponent" enabled="false" level="WEAK WARNING" enabled_by_default="false" />
  <inspection_tool class="TypeScriptUnresolvedVariable" enabled="true" level="WEAK WARNING" enabled_by_default="true" />
  <inspection_tool class="TypeScriptValidateGenericTypes" enabled="true" level="ERROR" enabled_by_default="true" />
  <inspection_tool class="TypeScriptValidateJSTypes" enabled="true" level="WEAK WARNING" enabled_by_default="true" />
  <inspection_tool class="TypeScriptValidateTypes" enabled="true" level="ERROR" enabled_by_default="true" />
  <inspection_tool class="UnnecessaryContinueJS" enabled="true" level="WARNING" enabled_by_default="true" />
  <inspection_tool class="UnnecessaryLabelJS" enabled="true" level="WARNING" enabled_by_default="true" />
  <inspection_tool class="UnnecessaryLabelOnBreakStatementJS" enabled="true" level="WARNING" enabled_by_default="true" />
  <inspection_tool class="UnnecessaryLabelOnContinueStatementJS" enabled="true" level="WARNING" enabled_by_default="true" />
  <inspection_tool class="UnnecessaryLocalVariableJS" enabled="true" level="WARNING" enabled_by_default="true">
    <option name="m_ignoreImmediatelyReturnedVariables" value="false" />
    <option name="m_ignoreAnnotatedVariables" value="false" />
  </inspection_tool>
  <inspection_tool class="UnnecessaryReturnJS" enabled="true" level="WARNING" enabled_by_default="true" />
  <inspection_tool class="UnreachableCodeJS" enabled="true" level="WARNING" enabled_by_default="true" />
  <inspection_tool class="UnresolvedReference" enabled="true" level="ERROR" enabled_by_default="true" />
  <inspection_tool class="UnterminatedStatementJS" enabled="false" level="WARNING" enabled_by_default="false">
    <option name="ignoreSemicolonAtEndOfBlock" value="true" />
  </inspection_tool>
  <inspection_tool class="UnusedCatchParameterJS" enabled="false" level="WARNING" enabled_by_default="false">
    <option name="m_ignoreCatchBlocksWithComments" value="false" />
  </inspection_tool>
  <inspection_tool class="UnusedDefine" enabled="false" level="WARNING" enabled_by_default="false" />
  <inspection_tool class="UnusedInspection" enabled="false" level="WARNING" enabled_by_default="false" />
  <inspection_tool class="UnusedProperty" enabled="true" level="WARNING" enabled_by_default="true" />
  <inspection_tool class="UpdateDependencyToLatestVersion" enabled="false" level="INFORMATION" enabled_by_default="false" />
  <inspection_tool class="UseEllipsisInPropertyInspection" enabled="false" level="WARNING" enabled_by_default="false" />
  <inspection_tool class="VoidExpressionJS" enabled="false" level="WARNING" enabled_by_default="false" />
  <inspection_tool class="VueDataFunction" enabled="true" level="WARNING" enabled_by_default="true" />
  <inspection_tool class="VueDeprecatedSymbol" enabled="false" level="WARNING" enabled_by_default="false" />
  <inspection_tool class="VueDuplicateTag" enabled="true" level="WARNING" enabled_by_default="true" />
  <inspection_tool class="VueMissingComponentImportInspection" enabled="false" level="WARNING" enabled_by_default="false" />
  <inspection_tool class="VueUnrecognizedDirective" enabled="false" level="WARNING" enabled_by_default="false" />
  <inspection_tool class="VueUnrecognizedSlot" enabled="false" level="WEAK WARNING" enabled_by_default="false" />
  <inspection_tool class="VulnerableLibrariesGlobal" enabled="false" level="WARNING" enabled_by_default="false" />
  <inspection_tool class="VulnerableLibrariesLocal" enabled="false" level="WARNING" enabled_by_default="false" />
  <inspection_tool class="WebpackConfigHighlighting" enabled="true" level="WARNING" enabled_by_default="true" />
  <inspection_tool class="WithStatementJS" enabled="true" level="WARNING" enabled_by_default="true" />
  <inspection_tool class="WrongPropertyKeyValueDelimiter" enabled="true" level="WEAK WARNING" enabled_by_default="true" />
  <inspection_tool class="XHTMLIncompatabilitiesJS" enabled="false" level="WARNING" enabled_by_default="false" />
  <inspection_tool class="XmlDefaultAttributeValue" enabled="true" level="WARNING" enabled_by_default="true" />
  <inspection_tool class="XmlDeprecatedElement" enabled="true" level="WARNING" enabled_by_default="true" />
  <inspection_tool class="XmlDuplicatedId" enabled="true" level="ERROR" enabled_by_default="true" />
  <inspection_tool class="XmlHighlighting" enabled="true" level="ERROR" enabled_by_default="true" />
  <inspection_tool class="XmlInvalidId" enabled="true" level="ERROR" enabled_by_default="true" />
  <inspection_tool class="XmlPathReference" enabled="true" level="ERROR" enabled_by_default="true" />
  <inspection_tool class="XmlUnboundNsPrefix" enabled="true" level="WARNING" enabled_by_default="true" />
  <inspection_tool class="XmlUnusedNamespaceDeclaration" enabled="true" level="WARNING" enabled_by_default="true" />
  <inspection_tool class="XmlWrongRootElement" enabled="true" level="ERROR" enabled_by_default="true" />
  <inspection_tool class="YAMLDuplicatedKeys" enabled="true" level="ERROR" enabled_by_default="true" />
  <inspection_tool class="YAMLRecursiveAlias" enabled="true" level="ERROR" enabled_by_default="true" />
  <inspection_tool class="YAMLSchemaDeprecation" enabled="true" level="WEAK WARNING" enabled_by_default="true" />
  <inspection_tool class="YAMLSchemaValidation" enabled="true" level="WARNING" enabled_by_default="true" />
  <inspection_tool class="YAMLUnresolvedAlias" enabled="true" level="ERROR" enabled_by_default="true" />
  <inspection_tool class="YAMLUnusedAnchor" enabled="true" level="WARNING" enabled_by_default="true" />
  <inspection_tool class="requirements.DuplicatedInspection" enabled="false" level="WARNING" enabled_by_default="false" />
  <inspection_tool class="requirements.InstalledPackageInspection" enabled="false" level="WARNING" enabled_by_default="false" />
  <inspection_tool class="requirements.ReferenceExistsInspection" enabled="false" level="ERROR" enabled_by_default="false" />
  <inspection_tool class="requirements.UninstalledPackageInspection" enabled="false" level="WARNING" enabled_by_default="false" />
  <inspection_tool class="requirements.UnusedInspection" enabled="false" level="WARNING" enabled_by_default="false" />
</profile>