<toolSet name="External Tools">
  <tool name="Black" description="python black" showInMainMenu="false" showInEditor="false" showInProject="false" showInSearchPopup="false" disabled="false" useConsole="true" showConsoleOnStdOut="false" showConsoleOnStdErr="false" synchronizeAfterRun="true">
    <exec>
      <option name="COMMAND" value="/opt/homebrew/bin/black" />
      <option name="PARAMETERS" value="$FilePath$" />
      <option name="WORKING_DIRECTORY" value="$ProjectFileDir$" />
    </exec>
  </tool>
  <tool name="pylint" description="pylint" showInMainMenu="false" showInEditor="false" showInProject="false" showInSearchPopup="false" disabled="true" useConsole="true" showConsoleOnStdOut="false" showConsoleOnStdErr="false" synchronizeAfterRun="true">
    <exec>
      <option name="COMMAND" value="/opt/homebrew/bin/pylint" />
      <option name="PARAMETERS" value="$FilePath$" />
      <option name="WORKING_DIRECTORY" value="$Projectpath$" />
    </exec>
  </tool>
</toolSet>