<application>
  <component name="com.github.blarc.ai.commits.intellij.plugin.settings.AppSettings">
    <option name="currentPrompt">
      <Prompt>
        <option name="content" value="Write an insightful but concise Git commit message in a complete sentence in present tense for the following diff prefacing it with this format:  &lt;type&gt;:&lt;subject&gt;, the response must be in the language {locale} and must NOT be longer than 74 characters. The sent text will be the differences between files, where deleted lines are prefixed with a single minus sign and added lines are prefixed with a single plus sign.&#10;{diff}" />
        <option name="description" value="with type" />
        <option name="name" value="type" />
      </Prompt>
    </option>
    <option name="lastVersion" value="1.2.1" />
    <option name="prompts">
      <map>
        <entry key="basic">
          <value>
            <Prompt>
              <option name="canBeChanged" value="false" />
              <option name="content" value="Write an insightful but concise Git commit message in a complete sentence in present tense for the following diff without prefacing it with anything, the response must be in the language {locale} and must NOT be longer than 74 characters. The sent text will be the differences between files, where deleted lines are prefixed with a single minus sign and added lines are prefixed with a single plus sign.&#10;{diff}" />
              <option name="description" value="Basic prompt that generates a decent commit message." />
              <option name="name" value="Basic" />
            </Prompt>
          </value>
        </entry>
        <entry key="conventional">
          <value>
            <Prompt>
              <option name="canBeChanged" value="false" />
              <option name="content" value="Write a clean and comprehensive commit message in the conventional commit convention. I'll send you an output of 'git diff --staged' command, and you convert it into a commit message. Do NOT preface the commit with anything. Do NOT add any descriptions to the commit, only commit message. Use the present tense. Lines must not be longer than 74 characters. Use {locale} language to answer.&#10;{diff}" />
              <option name="description" value="Prompt for commit message in the conventional commit convention." />
              <option name="name" value="Conventional" />
            </Prompt>
          </value>
        </entry>
        <entry key="emoji">
          <value>
            <Prompt>
              <option name="canBeChanged" value="false" />
              <option name="content" value="Write a clean and comprehensive commit message in the conventional commit convention. I'll send you an output of 'git diff --staged' command, and you convert it into a commit message. Use GitMoji convention to preface the commit. Do NOT add any descriptions to the commit, only commit message. Use the present tense. Lines must not be longer than 74 characters. Use {locale} language to answer.&#10;{diff}" />
              <option name="description" value="Prompt for commit message in the conventional commit convention with GitMoji convention." />
              <option name="name" value="Emoji" />
            </Prompt>
          </value>
        </entry>
        <entry key="type">
          <value>
            <Prompt>
              <option name="content" value="Write an insightful but concise Git commit message in a complete sentence in present tense for the following diff prefacing it with this format:  &lt;type&gt;:&lt;subject&gt;, the response must be in the language {locale} and must NOT be longer than 74 characters. The sent text will be the differences between files, where deleted lines are prefixed with a single minus sign and added lines are prefixed with a single plus sign.&#10;{diff}" />
              <option name="description" value="with type" />
              <option name="name" value="type" />
            </Prompt>
          </value>
        </entry>
      </map>
    </option>
    <option name="locale" value="en-NU" />
  </component>
</application>