<application>
  <component name="FileTypeManager" version="18">
    <ignoreFiles list="*$py.class;*.pyc;*.pyo;*.rbc;*.yarb;*~;.DS_Store;.git;.hg;.svn;CVS;RCS;SCCS;__pycache__;_svn;rcs;vssver.scc;vssver2.scc" />
    <extensionMap>
      <mapping pattern="yolo" type="AUTO_DETECTED" />
      <mapping pattern="pylintrc" type="AUTO_DETECTED" />
      <mapping pattern="demo" type="AUTO_DETECTED" />
      <mapping pattern="TOP20" type="AUTO_DETECTED" />
      <mapping pattern="Dockerfile_pd" type="Dockerfile" />
      <mapping pattern="DockerfileNginx-test" type="Dockerfile" />
      <mapping pattern="Dockerfile_test" type="Dockerfile" />
      <mapping ext="prod" type="Dockerfile" />
      <mapping pattern="Procfile" type="PLAIN_TEXT" />
      <mapping pattern=".ideavimrc" type="PLAIN_TEXT" />
      <mapping pattern=".pylintrc" type="PLAIN_TEXT" />
      <mapping pattern="trade_note2" type="PLAIN_TEXT" />
      <mapping pattern="res_header" type="PLAIN_TEXT" />
      <mapping pattern="record" type="PLAIN_TEXT" />
      <mapping pattern="order" type="PLAIN_TEXT" />
      <mapping pattern="test" type="PLAIN_TEXT" />
      <mapping pattern="trade_note" type="PLAIN_TEXT" />
      <mapping pattern=".condarc" type="PLAIN_TEXT" />
      <mapping pattern="note_sh" type="PLAIN_TEXT" />
      <mapping pattern="test_file" type="PLAIN_TEXT" />
      <mapping pattern="script" type="PLAIN_TEXT" />
      <mapping pattern="bj_super2" type="PLAIN_TEXT" />
      <mapping pattern=".env.dev" type="PLAIN_TEXT" />
      <mapping pattern="note1" type="PLAIN_TEXT" />
      <mapping pattern="aaa" type="PLAIN_TEXT" />
      <mapping pattern="note" type="PLAIN_TEXT" />
      <mapping pattern="note2" type="PLAIN_TEXT" />
      <mapping pattern="note_git" type="PLAIN_TEXT" />
      <mapping pattern=".env.prod" type="PLAIN_TEXT" />
      <mapping pattern="tradingview st" type="PLAIN_TEXT" />
      <mapping pattern="_myLib.sass" type="PLAIN_TEXT" />
      <mapping pattern="Dockerfile_product" type="PLAIN_TEXT" />
      <mapping pattern="django-cron" type="PLAIN_TEXT" />
      <mapping pattern="temp" type="PLAIN_TEXT" />
      <mapping pattern=".env" type="PLAIN_TEXT" />
      <mapping pattern="bj_super" type="PLAIN_TEXT" />
      <mapping pattern="note_es" type="PLAIN_TEXT" />
      <mapping ext="bak" type="PLAIN_TEXT" />
      <mapping ext="mmdb" type="PLAIN_TEXT" />
      <mapping ext="binaryproto" type="PLAIN_TEXT" />
      <mapping ext="config" type="PLAIN_TEXT" />
      <mapping ext="prototxt" type="PLAIN_TEXT" />
      <mapping ext="svgz" type="PLAIN_TEXT" />
      <mapping ext="yml_bk" type="PLAIN_TEXT" />
      <mapping ext="aiff" type="PLAIN_TEXT" />
      <mapping ext="171639" type="PLAIN_TEXT" />
      <mapping ext="h5" type="PLAIN_TEXT" />
      <mapping ext="mp3" type="PLAIN_TEXT" />
      <mapping ext="in" type="PLAIN_TEXT" />
      <mapping ext="caffemodel" type="PLAIN_TEXT" />
      <mapping ext="err" type="PLAIN_TEXT" />
      <mapping ext="114819" type="PLAIN_TEXT" />
      <mapping ext="weights" type="PLAIN_TEXT" />
      <mapping ext="code" type="PLAIN_TEXT" />
      <mapping ext="temp" type="PLAIN_TEXT" />
      <mapping pattern="ExamineTopSection.vue" type="Vue.js" />
      <mapping pattern="main.vue" type="Vue.js" />
      <mapping pattern="ClientInsuranceInfoExamine.vue" type="Vue.js" />
      <mapping pattern="Order-Checkout.vue" type="Vue.js" />
      <removed_mapping ext="bat" approved="true" type="PLAIN_TEXT" />
      <removed_mapping ext="cmd" approved="true" type="PLAIN_TEXT" />
      <removed_mapping ext="dockerfile" approved="true" type="textmate" />
      <removed_mapping ext="dockerignore" approved="true" type="DockerIgnore file" />
      <removed_mapping ext="fnc" approved="true" type="SQL" />
      <removed_mapping ext="ignore" approved="true" type="IgnoreLang file" />
      <removed_mapping ext="log" approved="true" type="PLAIN_TEXT" />
      <removed_mapping ext="makefile" approved="true" type="textmate" />
      <removed_mapping ext="pdf" approved="true" type="Native" />
      <removed_mapping ext="pkb" approved="true" type="SQL" />
      <removed_mapping ext="pks" approved="true" type="SQL" />
      <removed_mapping ext="prc" approved="true" type="SQL" />
      <removed_mapping ext="snakefile" approved="true" type="textmate" />
      <removed_mapping ext="tpb" approved="true" type="SQL" />
      <removed_mapping ext="tps" approved="true" type="SQL" />
      <removed_mapping ext="trg" approved="true" type="SQL" />
      <removed_mapping ext="vw" approved="true" type="SQL" />
      <removed_mapping pattern=".env" approved="true" type=".env file" />
      <mapping ext="pkg" type="DBN-PSQL" />
      <mapping ext="tpe" type="DBN-PSQL" />
    </extensionMap>
  </component>
</application>