<application>
  <component name="FindSettings">
    <option name="customScope" value="Project Files" />
    <option name="defaultScopeName" value="Project Files" />
    <option name="localRegularExpressions" value="true" />
    <option name="regularExpressions" value="true" />
    <option name="REGULAR_EXPRESSIONS" value="true" />
    <option name="LOCAL_REGULAR_EXPRESSIONS" value="true" />
    <option name="SEARCH_SCOPE" value="Project Files" />
    <mask>*.properties</mask>
    <mask>*.html</mask>
    <mask>*.jsp</mask>
    <mask>*.xml</mask>
    <mask>*.java</mask>
    <mask>*.as</mask>
    <mask>*.css</mask>
    <mask>*.mxml</mask>
    <mask>*.sh</mask>
    <mask>*.vue</mask>
    <mask>*.py</mask>
    <mask>*.js</mask>
    <mask>*.ts</mask>
  </component>
</application>