<application>
  <component name="IntentionManagerSettings">
    <ignoreAction name="Python/Toggle import alias" />
    <ignoreAction name="Python/Insert documentation string stub" />
    <ignoreAction name="Python/Convert collection to list" />
    <ignoreAction name="Python/Convert collection to set" />
    <ignoreAction name="Language Injection/Inject language or reference" />
    <ignoreAction name="Python/Convert between single-quoted and double-quoted strings" />
    <ignoreAction name="XML/Fetch external resource" />
  </component>
</application>