<application>
  <component name="MarkdownApplicationSettings">
    <MarkdownCssSettings StylesheetUri="jar:file:/Users/Admin/Library/Application%20Support/PyCharm2017.1/markdown/lib/markdown.jar!/org/intellij/plugins/markdown/settings/darcula.css">
      <option name="fontSize" value="16" />
    </MarkdownCssSettings>
    <MarkdownPreviewSettings>
      <HtmlPanelProviderInfo>
        <ProviderInfo name="JavaFX WebView" className="org.intellij.plugins.markdown.ui.preview.javafx.JavaFxHtmlPanelProvider" />
      </HtmlPanelProviderInfo>
    </MarkdownPreviewSettings>
  </component>
</application>