<application>
  <component name="NodeJsLocalInterpreterManager">
    <local-interpreter path="$USER_HOME$/.volta/bin/node">
      <version-cache version="18.5.0" last-modified="1654128945000" />
    </local-interpreter>
    <local-interpreter path="/opt/homebrew/bin/node">
      <version-cache last-modified="1645151106751" />
    </local-interpreter>
    <local-interpreter path="$USER_HOME$/.nvm/versions/node/v16.16.0/bin/node">
      <version-cache version="16.16.0" last-modified="1657195335000" />
    </local-interpreter>
    <local-interpreter path="$USER_HOME$/.nvm/versions/node/v14.18.3/bin/node">
      <version-cache version="14.18.3" last-modified="1641823413000" />
    </local-interpreter>
  </component>
  <component name="NodeJsRemoteInterpreters">
    <interpreter node-remote-interpreter="docker://node:18-buster/node" INTERPRETER_PATH="node" HELPERS_PATH=".webstorm_nodejs_helpers" INITIALIZED="false" VALID="true" RUN_AS_ROOT_VIA_SUDO="false" VERSION="" OUTDATED_ID="" DOCKER_ACCOUNT_NAME="Docker" DOCKER_IMAGE_NAME="node:18-buster" DOCKER_REMOTE_PROJECT_PATH="/opt/project" />
  </component>
</application>