<application>
  <component name="WebServers">
    <sftpAdvancedGlobalOptions>
      <SftpAdvancedOptions hostKeyCheckingLevel="NO" hashKnownHosts="true">
        <option name="hashHost" value="true" />
        <option name="hostKeyCheckingLevel" value="NO" />
      </SftpAdvancedOptions>
    </sftpAdvancedGlobalOptions>
    <option name="servers">
      <webServer id="a348e6d8-607b-4534-89cd-4c6428d77405" name="MDF">
        <fileTransfer accessType="SFTP" sshConfigId="fb240012-ee4d-45ae-ab0d-8ddcce5f4d76" sshConfig="ubuntu@52.69.56.91:22 agent">
          <advancedOptions>
            <advancedOptions dataProtectionLevel="Private" passiveMode="true" shareSSLContext="true" />
          </advancedOptions>
        </fileTransfer>
      </webServer>
      <webServer id="289e187b-3d0f-440d-b7ce-3e3e15020f4a" name="ubuntu@52.69.56.91:22" url="http:///">
        <fileTransfer accessType="SFTP" host="52.69.56.91" port="22" sshConfigId="a0bf355e-23a0-4dc5-bdea-d1d97f89553f" sshConfig="ubuntu@52.69.56.91:22 agent" authAgent="true" />
      </webServer>
    </option>
  </component>
</application>