<keymap version="1" name="macOS to_new" parent="Mac OS X 10.5+">
  <action id="$LRU">
    <keyboard-shortcut first-keystroke="meta u" second-keystroke="o" />
  </action>
  <action id="AcceptTabnineInlineCompletionAction">
    <keyboard-shortcut first-keystroke="tab" />
    <keyboard-shortcut first-keystroke="ctrl tab" />
  </action>
  <action id="ActivateDatabaseToolWindow">
    <keyboard-shortcut first-keystroke="meta u" second-keystroke="meta d" />
  </action>
  <action id="ActivateRunToolWindow" />
  <action id="ActivateTerminalToolWindow">
    <keyboard-shortcut first-keystroke="alt f12" />
    <keyboard-shortcut first-keystroke="meta f1" />
  </action>
  <action id="Activategithub.copilotToolWindowToolWindow">
    <keyboard-shortcut first-keystroke="meta back_slash" />
  </action>
  <action id="Annotate">
    <keyboard-shortcut first-keystroke="meta u" second-keystroke="a" />
  </action>
  <action id="Back">
    <keyboard-shortcut first-keystroke="meta open_bracket" />
    <keyboard-shortcut first-keystroke="meta alt left" />
    <mouse-shortcut keystroke="button4" />
    <keyboard-shortcut first-keystroke="meta semicolon" />
  </action>
  <action id="CallHierarchy" />
  <action id="ChangesView.GroupBy.Module" />
  <action id="ChangesView.ToggleCommitUi" />
  <action id="CheckinProject" />
  <action id="ChooseDebugConfiguration">
    <keyboard-shortcut first-keystroke="ctrl alt d" />
    <keyboard-shortcut first-keystroke="meta g" second-keystroke="meta d" />
  </action>
  <action id="ChooseRunConfiguration">
    <keyboard-shortcut first-keystroke="ctrl alt r" />
    <keyboard-shortcut first-keystroke="meta g" second-keystroke="meta r" />
  </action>
  <action id="CodeCompletion">
    <keyboard-shortcut first-keystroke="ctrl space" />
    <keyboard-shortcut first-keystroke="meta space" />
  </action>
  <action id="Console.History.Browse" />
  <action id="Console.Jdbc.BrowseHistory" />
  <action id="Debug">
    <keyboard-shortcut first-keystroke="ctrl d" />
    <keyboard-shortcut first-keystroke="meta g" second-keystroke="d" />
  </action>
  <action id="Diff.PrevChange">
    <keyboard-shortcut first-keystroke="shift ctrl left" />
    <keyboard-shortcut first-keystroke="shift ctrl h" />
  </action>
  <action id="EditSource">
    <keyboard-shortcut first-keystroke="meta down" />
    <keyboard-shortcut first-keystroke="f4" />
    <keyboard-shortcut first-keystroke="ctrl meta alt j" />
  </action>
  <action id="Editor LRU">
    <keyboard-shortcut first-keystroke="meta u" second-keystroke="o" />
  </action>
  <action id="EditorCloneCaretAbove">
    <keyboard-shortcut first-keystroke="shift alt k" />
  </action>
  <action id="EditorCloneCaretBelow">
    <keyboard-shortcut first-keystroke="shift alt j" />
  </action>
  <action id="EditorCutLineEnd" />
  <action id="EditorDown">
    <keyboard-shortcut first-keystroke="down" />
    <keyboard-shortcut first-keystroke="ctrl n" />
    <keyboard-shortcut first-keystroke="meta j" />
  </action>
  <action id="EditorJoinLines" />
  <action id="EditorLeft">
    <keyboard-shortcut first-keystroke="left" />
    <keyboard-shortcut first-keystroke="ctrl b" />
    <keyboard-shortcut first-keystroke="meta h" />
  </action>
  <action id="EditorLineEnd">
    <keyboard-shortcut first-keystroke="end" />
    <keyboard-shortcut first-keystroke="meta right" />
  </action>
  <action id="EditorMatchBrace" />
  <action id="EditorPageDown">
    <keyboard-shortcut first-keystroke="page_down" />
    <keyboard-shortcut first-keystroke="ctrl j" />
  </action>
  <action id="EditorPageUp">
    <keyboard-shortcut first-keystroke="page_up" />
    <keyboard-shortcut first-keystroke="ctrl k" />
  </action>
  <action id="EditorRight">
    <keyboard-shortcut first-keystroke="right" />
    <keyboard-shortcut first-keystroke="ctrl f" />
    <keyboard-shortcut first-keystroke="meta l" />
  </action>
  <action id="EditorScrollDown">
    <keyboard-shortcut first-keystroke="shift ctrl j" />
  </action>
  <action id="EditorScrollLeft">
    <keyboard-shortcut first-keystroke="shift ctrl h" />
  </action>
  <action id="EditorScrollToCenter" />
  <action id="EditorScrollUp">
    <keyboard-shortcut first-keystroke="shift ctrl k" />
  </action>
  <action id="EditorUp">
    <keyboard-shortcut first-keystroke="up" />
    <keyboard-shortcut first-keystroke="ctrl p" />
    <keyboard-shortcut first-keystroke="meta k" />
  </action>
  <action id="EvaluateExpression">
    <keyboard-shortcut first-keystroke="alt f8" />
    <keyboard-shortcut first-keystroke="meta alt e" />
    <keyboard-shortcut first-keystroke="ctrl meta e" />
  </action>
  <action id="Exit" />
  <action id="FileStructurePopup">
    <keyboard-shortcut first-keystroke="meta f12" />
    <keyboard-shortcut first-keystroke="meta u" second-keystroke="s" />
  </action>
  <action id="FindNext" />
  <action id="Forward">
    <keyboard-shortcut first-keystroke="meta close_bracket" />
    <keyboard-shortcut first-keystroke="meta alt right" />
    <mouse-shortcut keystroke="button5" />
    <keyboard-shortcut first-keystroke="meta quote" />
  </action>
  <action id="Generate">
    <keyboard-shortcut first-keystroke="ctrl enter" />
  </action>
  <action id="Git.Branches">
    <keyboard-shortcut first-keystroke="meta alt b" />
  </action>
  <action id="Git.Commit.And.Push.Executor" />
  <action id="Git.Commit.Stage" />
  <action id="GotoAction">
    <keyboard-shortcut first-keystroke="alt a" />
  </action>
  <action id="GotoClass" />
  <action id="GotoImplementation">
    <mouse-shortcut keystroke="meta alt button1" />
  </action>
  <action id="GotoLine" />
  <action id="GotoRow" />
  <action id="GotoSuperMethod" />
  <action id="Hg.Commit.And.Push.Executor" />
  <action id="Images.Editor.ToggleGrid" />
  <action id="InsertLiveTemplate" />
  <action id="JumpToLastChange">
    <keyboard-shortcut first-keystroke="shift meta back_space" />
    <keyboard-shortcut first-keystroke="meta alt semicolon" />
  </action>
  <action id="JumpToLastWindow">
    <keyboard-shortcut first-keystroke="f12" />
    <keyboard-shortcut first-keystroke="meta u" second-keystroke="j" />
  </action>
  <action id="JumpToNextChange">
    <keyboard-shortcut first-keystroke="meta alt quote" />
  </action>
  <action id="MoveLineDown">
    <keyboard-shortcut first-keystroke="shift alt down" />
    <keyboard-shortcut first-keystroke="shift alt close_bracket" />
  </action>
  <action id="MoveLineUp">
    <keyboard-shortcut first-keystroke="shift alt up" />
    <keyboard-shortcut first-keystroke="shift alt open_bracket" />
  </action>
  <action id="NextEditorTab">
    <keyboard-shortcut first-keystroke="shift ctrl right" />
    <keyboard-shortcut first-keystroke="shift ctrl l" />
  </action>
  <action id="NextTab">
    <keyboard-shortcut first-keystroke="shift meta close_bracket" />
    <keyboard-shortcut first-keystroke="ctrl right" />
    <keyboard-shortcut first-keystroke="ctrl l" />
    <keyboard-shortcut first-keystroke="ctrl meta alt l" />
  </action>
  <action id="PerforceDirect.Edit" />
  <action id="PreviousEditorTab">
    <keyboard-shortcut first-keystroke="shift ctrl left" />
    <keyboard-shortcut first-keystroke="shift ctrl h" />
  </action>
  <action id="PreviousTab">
    <keyboard-shortcut first-keystroke="shift meta open_bracket" />
    <keyboard-shortcut first-keystroke="ctrl left" />
    <keyboard-shortcut first-keystroke="ctrl h" />
    <keyboard-shortcut first-keystroke="ctrl meta alt h" />
  </action>
  <action id="QuickJavaDoc">
    <keyboard-shortcut first-keystroke="f1" />
    <mouse-shortcut keystroke="control button2" />
  </action>
  <action id="RecentFiles">
    <keyboard-shortcut first-keystroke="meta 4" />
  </action>
  <action id="Replace" />
  <action id="RerunTests">
    <keyboard-shortcut first-keystroke="shift alt r" />
  </action>
  <action id="ResizeToolWindowDown">
    <keyboard-shortcut first-keystroke="ctrl alt down" />
    <keyboard-shortcut first-keystroke="ctrl alt j" />
  </action>
  <action id="ResizeToolWindowLeft">
    <keyboard-shortcut first-keystroke="ctrl alt left" />
    <keyboard-shortcut first-keystroke="ctrl alt h" />
  </action>
  <action id="ResizeToolWindowRight">
    <keyboard-shortcut first-keystroke="ctrl alt right" />
    <keyboard-shortcut first-keystroke="ctrl alt l" />
  </action>
  <action id="ResizeToolWindowUp">
    <keyboard-shortcut first-keystroke="ctrl alt up" />
    <keyboard-shortcut first-keystroke="ctrl alt k" />
  </action>
  <action id="Resume">
    <keyboard-shortcut first-keystroke="meta alt r" />
    <keyboard-shortcut first-keystroke="f9" />
    <keyboard-shortcut first-keystroke="ctrl meta r" />
  </action>
  <action id="Run">
    <keyboard-shortcut first-keystroke="ctrl r" />
    <keyboard-shortcut first-keystroke="meta g" second-keystroke="r" />
  </action>
  <action id="ShowErrorDescription" />
  <action id="ShowNavBar">
    <keyboard-shortcut first-keystroke="meta up" />
    <keyboard-shortcut first-keystroke="alt home" />
    <keyboard-shortcut first-keystroke="meta u" second-keystroke="n" />
  </action>
  <action id="ShowPopupMenu">
    <keyboard-shortcut first-keystroke="ctrl m" />
  </action>
  <action id="SwitcherRecentEditedChangedToggleCheckBox" />
  <action id="TabShiftActions.StretchLeft" />
  <action id="TabShiftActions.StretchRight" />
  <action id="Terminal.ClearBuffer" />
  <action id="TodoViewGroupByShowModules" />
  <action id="ToggleLineBreakpoint">
    <keyboard-shortcut first-keystroke="meta f8" />
    <keyboard-shortcut first-keystroke="shift alt z" />
  </action>
  <action id="TypeHierarchy" />
  <action id="UML.ShowStructure">
    <keyboard-shortcut first-keystroke="meta f12" />
    <keyboard-shortcut first-keystroke="meta u" second-keystroke="s" />
  </action>
  <action id="UsageGrouping.Module" />
  <action id="Vcs.Log.FocusTextFilter" />
  <action id="Vcs.Log.GoToChild">
    <keyboard-shortcut first-keystroke="left" />
    <keyboard-shortcut first-keystroke="meta h" />
  </action>
  <action id="Vcs.Log.GoToParent">
    <keyboard-shortcut first-keystroke="right" />
    <keyboard-shortcut first-keystroke="meta l" />
  </action>
  <action id="Vcs.Log.ShowTooltip">
    <keyboard-shortcut first-keystroke="f1" />
    <mouse-shortcut keystroke="control button2" />
  </action>
  <action id="Vcs.Push" />
  <action id="Vcs.ShowMessageHistory" />
  <action id="VimPluginToggle">
    <keyboard-shortcut first-keystroke="meta q" />
  </action>
  <action id="editRunConfigurations">
    <keyboard-shortcut first-keystroke="meta g" second-keystroke="c" />
  </action>
  <action id="org.intellij.plugins.markdown.ui.actions.styling.InsertImageAction" />
  <action id="tasks.switch">
    <keyboard-shortcut first-keystroke="shift alt t" />
    <keyboard-shortcut first-keystroke="meta u" second-keystroke="meta s" />
  </action>
</keymap>