<profile version="1.0">
  <option name="myName" value="Default" />
  <inspection_tool class="DuplicateConditionJS" enabled="true" level="WARNING" enabled_by_default="true" />
  <inspection_tool class="DuplicatePropertyInspection" enabled="true" level="WARNING" enabled_by_default="true" />
  <inspection_tool class="DuplicatedCode" enabled="true" level="WEAK WARNING" enabled_by_default="true">
    <Languages>
      <language minSize="50" name="Python" />
    </Languages>
  </inspection_tool>
  <inspection_tool class="Eslint" enabled="true" level="WARNING" enabled_by_default="true" />
  <inspection_tool class="GrazieInspection" enabled="false" level="GRAMMAR_ERROR" enabled_by_default="false" />
  <inspection_tool class="PyAugmentAssignmentInspection" enabled="true" level="WEAK WARNING" enabled_by_default="true" />
  <inspection_tool class="PyBehaveInspection" enabled="true" level="WARNING" enabled_by_default="true" />
  <inspection_tool class="PyBroadExceptionInspection" enabled="false" level="WEAK WARNING" enabled_by_default="false" />
  <inspection_tool class="PyClassicStyleClassInspection" enabled="true" level="WARNING" enabled_by_default="true" />
  <inspection_tool class="PyMandatoryEncodingInspection" enabled="true" level="WARNING" enabled_by_default="true" />
  <inspection_tool class="PyMethodMayBeStaticInspection" enabled="false" level="WEAK WARNING" enabled_by_default="false" />
  <inspection_tool class="PyMethodParametersInspection" enabled="false" level="WEAK WARNING" enabled_by_default="false" />
  <inspection_tool class="PyMissingTypeHintsInspection" enabled="true" level="WEAK WARNING" enabled_by_default="true" />
  <inspection_tool class="PyPep8Inspection" enabled="true" level="WARNING" enabled_by_default="true" editorAttributes="WARNING_ATTRIBUTES">
    <option name="ignoredErrors">
      <list>
        <option value="E203" />
        <option value="W503" />
        <option value="E712" />
      </list>
    </option>
  </inspection_tool>
  <inspection_tool class="PyPep8NamingInspection" enabled="true" level="WARNING" enabled_by_default="true" editorAttributes="WARNING_ATTRIBUTES" />
  <inspection_tool class="PyRedeclarationInspection" enabled="false" level="WARNING" enabled_by_default="false" />
  <inspection_tool class="PyShadowingNamesInspection" enabled="false" level="WEAK WARNING" enabled_by_default="false" />
  <inspection_tool class="PyStatementEffectInspection" enabled="false" level="WARNING" enabled_by_default="false" />
  <inspection_tool class="PyTypeCheckerInspection" enabled="false" level="WARNING" enabled_by_default="false" />
  <inspection_tool class="PyUnresolvedReferencesInspection" enabled="false" level="WARNING" enabled_by_default="false" />
</profile>