<application>
  <component name="LocalDatabaseDriverManager" version="201">
    <driver id="mongo">
      <artifact id="MongoDB" name="MongoDB" use="true" version="1.18" />
    </driver>
    <driver id="sqlite.xerial">
      <library>
        <url>file://$APPLICATION_CONFIG_DIR$/jdbc-drivers/Xerial SQLiteJDBC/3.31.1/sqlite-jdbc-3.31.1.jar</url>
      </library>
      <library>
        <url>file://$APPLICATION_CONFIG_DIR$/jdbc-drivers/Xerial SQLiteJDBC/3.31.1/sqlite-jdbc-3.31.1.jar</url>
      </library>
    </driver>
  </component>
</application>