<application>
  <component name="FileTypeManager" version="18">
    <ignoreFiles list="*$py.class;*.pyc;*.pyo;*.rbc;*.yarb;*~;.DS_Store;.git;.hg;.svn;CVS;__pycache__;_svn;vssver.scc;vssver2.scc" />
    <extensionMap>
      <mapping pattern="note" type="AUTO_DETECTED" />
      <mapping pattern="pylintrc" type="AUTO_DETECTED" />
      <mapping ext="dev" type="Dockerfile" />
      <mapping ext="prod" type="Dockerfile" />
      <mapping ext="staging" type="Dockerfile" />
      <mapping pattern=".env" type="Less" />
      <mapping pattern=".flake8" type="PLAIN_TEXT" />
      <mapping pattern=".env.prod-59" type="PLAIN_TEXT" />
      <mapping pattern=".env.prod-35" type="PLAIN_TEXT" />
      <mapping ext="vim" type="PLAIN_TEXT" />
      <removed_mapping ext="csv" approved="true" type="CSV/TSV" />
      <removed_mapping ext="pdf" approved="true" type="Native" />
      <removed_mapping ext="ts" approved="true" type="QtLinguist" />
      <removed_mapping pattern=".env" approved="true" type=".env file" />
    </extensionMap>
  </component>
</application>