<application>
  <component name="GraziConfig">
    <option name="suppressingContext">
      <SuppressingContext>
        <option name="suppressed">
          <set>
            <option value="interval interval" />
            <option value="'" />
            <option value="intervals intervals" />
            <option value="np.nan" />
            <option value="Depends" />
            <option value="bu" />
          </set>
        </option>
      </SuppressingContext>
    </option>
    <option name="detectionContext">
      <State>
        <option name="disabled">
          <set>
            <option value="CHINESE" />
          </set>
        </option>
      </State>
    </option>
  </component>
</application>