<application>
  <component name="VimEditorSettings">
    <editor>
      <key-repeat enabled="false" />
    </editor>
  </component>
  <component name="VimKeySettings">
    <shortcut-conflicts>
      <shortcut-conflict owner="ide">
        <text encoding="base64">Y3RybCBwcmVzc2VkIEc=</text>
      </shortcut-conflict>
      <shortcut-conflict owner="vim">
        <text encoding="base64">Y3RybCBwcmVzc2VkIFY=</text>
      </shortcut-conflict>
      <shortcut-conflict owner="vim">
        <text encoding="base64">Y3RybCBwcmVzc2VkIFQ=</text>
      </shortcut-conflict>
      <shortcut-conflict owner="ide">
        <text encoding="base64">Y3RybCBwcmVzc2VkIEg=</text>
      </shortcut-conflict>
      <shortcut-conflict owner="ide">
        <text encoding="base64">Y3RybCBwcmVzc2VkIEw=</text>
      </shortcut-conflict>
      <shortcut-conflict owner="vim">
        <text encoding="base64">YWx0IHByZXNzZWQgSw==</text>
      </shortcut-conflict>
      <shortcut-conflict owner="vim">
        <text encoding="base64">YWx0IHByZXNzZWQgSg==</text>
      </shortcut-conflict>
      <shortcut-conflict owner="ide">
        <text encoding="base64">Y3RybCBwcmVzc2VkIEo=</text>
      </shortcut-conflict>
      <shortcut-conflict owner="ide">
        <text encoding="base64">Y3RybCBwcmVzc2VkIEs=</text>
      </shortcut-conflict>
      <shortcut-conflict owner="vim">
        <text encoding="base64">c2hpZnQgcHJlc3NlZCBUQUI=</text>
      </shortcut-conflict>
      <shortcut-conflict owner="ide">
        <text encoding="base64">YWx0IHByZXNzZWQgTA==</text>
      </shortcut-conflict>
      <shortcut-conflict owner="ide">
        <text encoding="base64">YWx0IHByZXNzZWQgSA==</text>
      </shortcut-conflict>
      <shortcut-conflict owner="vim">
        <text encoding="base64">Y3RybCBwcmVzc2VkIEE=</text>
      </shortcut-conflict>
      <shortcut-conflict owner="vim">
        <text encoding="base64">Y3RybCBwcmVzc2VkIE4=</text>
      </shortcut-conflict>
      <shortcut-conflict owner="vim">
        <text encoding="base64">Y3RybCBwcmVzc2VkIEQ=</text>
      </shortcut-conflict>
      <shortcut-conflict owner="vim">
        <text encoding="base64">Y3RybCBwcmVzc2VkIEU=</text>
      </shortcut-conflict>
      <shortcut-conflict owner="vim">
        <text encoding="base64">bWV0YSBwcmVzc2VkIEk=</text>
      </shortcut-conflict>
      <shortcut-conflict owner="vim">
        <text encoding="base64">bWV0YSBwcmVzc2VkIEc=</text>
      </shortcut-conflict>
      <shortcut-conflict owner="ide">
        <text encoding="base64">bWV0YSBwcmVzc2VkIEw=</text>
      </shortcut-conflict>
      <shortcut-conflict owner="vim">
        <text encoding="base64">c2hpZnQgbWV0YSBwcmVzc2VkIEg=</text>
      </shortcut-conflict>
      <shortcut-conflict owner="vim">
        <text encoding="base64">c2hpZnQgbWV0YSBwcmVzc2VkIEw=</text>
      </shortcut-conflict>
      <shortcut-conflict owner="vim">
        <text encoding="base64">bWV0YSBwcmVzc2VkIEs=</text>
      </shortcut-conflict>
      <shortcut-conflict owner="vim">
        <text encoding="base64">bWV0YSBwcmVzc2VkIEo=</text>
      </shortcut-conflict>
      <shortcut-conflict owner="vim">
        <text encoding="base64">Y3RybCBwcmVzc2VkIFI=</text>
      </shortcut-conflict>
      <shortcut-conflict owner="vim">
        <text encoding="base64">Y3RybCBwcmVzc2VkIFc=</text>
      </shortcut-conflict>
      <shortcut-conflict owner="vim">
        <text encoding="base64">Y3RybCBwcmVzc2VkIEY=</text>
      </shortcut-conflict>
      <shortcut-conflict owner="ide">
        <text encoding="base64">bWV0YSBwcmVzc2VkIEg=</text>
      </shortcut-conflict>
      <shortcut-conflict owner="ide">
        <text encoding="base64">c2hpZnQgYWx0IHByZXNzZWQgSw==</text>
      </shortcut-conflict>
      <shortcut-conflict owner="ide">
        <text encoding="base64">c2hpZnQgYWx0IHByZXNzZWQgSg==</text>
      </shortcut-conflict>
      <shortcut-conflict owner="ide">
        <text encoding="base64">c2hpZnQgYWx0IHByZXNzZWQgTA==</text>
      </shortcut-conflict>
      <shortcut-conflict owner="vim">
        <text encoding="base64">c2hpZnQgYWx0IHByZXNzZWQgSA==</text>
      </shortcut-conflict>
      <shortcut-conflict owner="ide">
        <text encoding="base64">Y3RybCBwcmVzc2VkIE0=</text>
      </shortcut-conflict>
      <shortcut-conflict owner="vim">
        <text encoding="base64">c2hpZnQgbWV0YSBwcmVzc2VkIEo=</text>
      </shortcut-conflict>
      <shortcut-conflict owner="vim">
        <text encoding="base64">Y3RybCBwcmVzc2VkIE8=</text>
      </shortcut-conflict>
      <shortcut-conflict owner="vim">
        <text encoding="base64">Y3RybCBwcmVzc2VkIFA=</text>
      </shortcut-conflict>
      <shortcut-conflict owner="vim">
        <text encoding="base64">Y3RybCBwcmVzc2VkIE9QRU5fQlJBQ0tFVA==</text>
      </shortcut-conflict>
      <shortcut-conflict owner="vim">
        <text encoding="base64">Y3RybCBwcmVzc2VkIENMT1NFX0JSQUNLRVQ=</text>
      </shortcut-conflict>
      <shortcut-conflict owner="vim">
        <text encoding="base64">Y3RybCBwcmVzc2VkIEk=</text>
      </shortcut-conflict>
    </shortcut-conflicts>
  </component>
  <component name="VimSettings">
    <state version="7" enabled="true" />
    <notifications>
      <idea-join enabled="true" />
      <idea-put enabled="true" />
    </notifications>
  </component>
</application>