<keymap version="1" name="Mac OS X 10.5+ copy-temp" parent="Mac OS X 10.5+">
  <action id="AcceptInlineCompletionAction">
    <keyboard-shortcut first-keystroke="ctrl tab" />
    <keyboard-shortcut first-keystroke="tab" />
  </action>
  <action id="AcceptTabnineInlineCompletionAction">
    <keyboard-shortcut first-keystroke="tab" />
    <keyboard-shortcut first-keystroke="ctrl tab" />
  </action>
  <action id="ActivateFavoritesToolWindow" />
  <action id="ChangesView.GroupBy.Module" />
  <action id="DecrementWindowHeight">
    <keyboard-shortcut first-keystroke="ctrl alt up" />
  </action>
  <action id="Editor Copy">
    <keyboard-shortcut first-keystroke="shift meta c" />
  </action>
  <action id="Editor LRU">
    <keyboard-shortcut first-keystroke="meta u" second-keystroke="o" />
  </action>
  <action id="ExpandAllToLevel">
    <keyboard-shortcut first-keystroke="ctrl meta minus" />
  </action>
  <action id="ExpandLiveTemplateByTab" />
  <action id="FileChooser.GotoModule" />
  <action id="List-scrollUp">
    <keyboard-shortcut first-keystroke="page_up" />
  </action>
  <action id="Macro.select to debug console">
    <keyboard-shortcut first-keystroke="alt e" />
  </action>
  <action id="Macro.switch to debugger console">
    <keyboard-shortcut first-keystroke="meta alt w" />
  </action>
  <action id="ProjectViewChangeView" />
  <action id="ShowProjectStructureSettings" />
  <action id="SplitChooser.NextWindow" />
  <action id="SwitchApply">
    <keyboard-shortcut first-keystroke="ctrl alt enter" />
  </action>
  <action id="SwitchDown">
    <keyboard-shortcut first-keystroke="ctrl alt down" />
  </action>
  <action id="SwitchLeft">
    <keyboard-shortcut first-keystroke="ctrl alt left" />
  </action>
  <action id="SwitchRight">
    <keyboard-shortcut first-keystroke="ctrl alt right" />
  </action>
  <action id="SwitchUp">
    <keyboard-shortcut first-keystroke="ctrl alt up" />
  </action>
  <action id="Table-scrollDownChangeSelection">
    <keyboard-shortcut first-keystroke="page_down" />
  </action>
  <action id="Table-scrollUpChangeSelection">
    <keyboard-shortcut first-keystroke="page_up" />
  </action>
  <action id="VimMotionMethodForwardStart">
    <keyboard-shortcut first-keystroke="alt s" />
    <keyboard-shortcut first-keystroke="meta alt s" />
  </action>
  <action id="com.jetbrains.python.console.RunPythonConsoleAction">
    <keyboard-shortcut first-keystroke="meta alt w" />
  </action>
  <action id="copilot.openCopilot">
    <keyboard-shortcut first-keystroke="meta o" />
  </action>
</keymap>