<code_scheme name="Default (1)">
  <CoffeeScriptCodeStyleSettings>
    <option name="ALIGN_OBJECT_PROPERTIES" value="2" />
  </CoffeeScriptCodeStyleSettings>
  <codeStyleSettings language="CoffeeScript">
    <option name="KEEP_BLANK_LINES_IN_CODE" value="1" />
    <option name="ALIGN_MULTILINE_PARAMETERS_IN_CALLS" value="true" />
    <option name="ALIGN_MULTILINE_ARRAY_INITIALIZER_EXPRESSION" value="false" />
    <option name="CALL_PARAMETERS_WRAP" value="0" />
    <option name="ARRAY_INITIALIZER_WRAP" value="0" />
    <indentOptions>
      <option name="INDENT_SIZE" value="4" />
      <option name="CONTINUATION_INDENT_SIZE" value="8" />
      <option name="TAB_SIZE" value="4" />
    </indentOptions>
  </codeStyleSettings>
</code_scheme>